/* Auto-generated from sample_beep.wav; do not edit by hand. */
const unsigned char sample_beep_wav[] = {
    0x52, 0x49, 0x46, 0x46, 0x68, 0x56, 0x00, 0x00, 0x57, 0x41, 0x56, 0x45,
    0x66, 0x6D, 0x74, 0x20, 0x10, 0x00, 0x00, 0x00, 0x01, 0x00, 0x01, 0x00,
    0x44, 0xAC, 0x00, 0x00, 0x88, 0x58, 0x01, 0x00, 0x02, 0x00, 0x10, 0x00,
    0x4C, 0x49, 0x53, 0x54, 0x1A, 0x00, 0x00, 0x00, 0x49, 0x4E, 0x46, 0x4F,
    0x49, 0x53, 0x46, 0x54, 0x0E, 0x00, 0x00, 0x00, 0x4C, 0x61, 0x76, 0x66,
    0x36, 0x30, 0x2E, 0x31, 0x36, 0x2E, 0x31, 0x30, 0x30, 0x00, 0x64, 0x61,
    0x74, 0x61, 0x22, 0x56, 0x00, 0x00, 0x00, 0x00, 0x00, 0x01, 0xFF, 0x01,
    0xFD, 0x02, 0xF8, 0x03, 0xEE, 0x04, 0xE0, 0x05, 0xCC, 0x06, 0xB0, 0x07,
    0x8D, 0x08, 0x62, 0x09, 0x2D, 0x0A, 0xEE, 0x0A, 0xA4, 0x0B, 0x4E, 0x0C,
    0xEC, 0x0C, 0x7C, 0x0D, 0xFF, 0x0D, 0x75, 0x0E, 0xDB, 0x0E, 0x33, 0x0F,
    0x7B, 0x0F, 0xB4, 0x0F, 0xDD, 0x0F, 0xF6, 0x0F, 0xFF, 0x0F, 0xF8, 0x0F,
    0xE1, 0x0F, 0xBA, 0x0F, 0x83, 0x0F, 0x3C, 0x0F, 0xE6, 0x0E, 0x82, 0x0E,
    0x0E, 0x0E, 0x8D, 0x0D, 0xFD, 0x0C, 0x61, 0x0C, 0xB8, 0x0B, 0x04, 0x0B,
    0x44, 0x0A, 0x7A, 0x09, 0xA7, 0x08, 0xCA, 0x07, 0xE6, 0x06, 0xFC, 0x05,
    0x0B, 0x05, 0x15, 0x04, 0x1A, 0x03, 0x1E, 0x02, 0x1E, 0x01, 0x1E, 0x00,
    0x1D, 0xFF, 0x1D, 0xFE, 0x20, 0xFD, 0x25, 0xFC, 0x2D, 0xFB, 0x3B, 0xFA,
    0x4F, 0xF9, 0x69, 0xF8, 0x8B, 0xF7, 0xB5, 0xF6, 0xE9, 0xF5, 0x27, 0xF5,
    0x70, 0xF4, 0xC5, 0xF3, 0x26, 0xF3, 0x93, 0xF2, 0x0F, 0xF2, 0x98, 0xF1,
    0x30, 0xF1, 0xD6, 0xF0, 0x8C, 0xF0, 0x52, 0xF0, 0x27, 0xF0, 0x0C, 0xF0,
    0x01, 0xF0, 0x06, 0xF0, 0x1C, 0xF0, 0x41, 0xF0, 0x76, 0xF0, 0xBB, 0xF0,
    0x0F, 0xF1, 0x72, 0xF1, 0xE4, 0xF1, 0x64, 0xF2, 0xF2, 0xF2, 0x8D, 0xF3,
    0x34, 0xF4, 0xE7, 0xF4, 0xA6, 0xF5, 0x6F, 0xF6, 0x41, 0xF7, 0x1C, 0xF8,
    0xFF, 0xF8, 0xEA, 0xF9, 0xDA, 0xFA, 0xCF, 0xFB, 0xC8, 0xFC, 0xC5, 0xFD,
    0xC5, 0xFE, 0xC5, 0xFF, 0xC6, 0x00, 0xC6, 0x01, 0xC4, 0x02, 0xBF, 0x03,
    0xB7, 0x04, 0xAA, 0x05, 0x97, 0x06, 0x7D, 0x07, 0x5C, 0x08, 0x33, 0x09,
    0x00, 0x0A, 0xC3, 0x0A, 0x7B, 0x0B, 0x28, 0x0C, 0xC9, 0x0C, 0x5D, 0x0D,
    0xE3, 0x0D, 0x5B, 0x0E, 0xC5, 0x0E, 0x20, 0x0F, 0x6C, 0x0F, 0xA9, 0x0F,
    0xD5, 0x0F, 0xF2, 0x0F, 0xFE, 0x0F, 0xFB, 0x0F, 0xE7, 0x0F, 0xC4, 0x0F,
    0x91, 0x0F, 0x4E, 0x0F, 0xFB, 0x0E, 0x9A, 0x0E, 0x2A, 0x0E, 0xAB, 0x0D,
    0x1F, 0x0D, 0x86, 0x0C, 0xE0, 0x0B, 0x2D, 0x0B, 0x70, 0x0A, 0xA9, 0x09,
    0xD7, 0x08, 0xFD, 0x07, 0x1B, 0x07, 0x32, 0x06, 0x42, 0x05, 0x4D, 0x04,
    0x54, 0x03, 0x57, 0x02, 0x58, 0x01, 0x58, 0x00, 0x57, 0xFF, 0x57, 0xFE,
    0x59, 0xFD, 0x5D, 0xFC, 0x65, 0xFB, 0x72, 0xFA, 0x84, 0xF9, 0x9D, 0xF8,
    0xBD, 0xF7, 0xE6, 0xF6, 0x17, 0xF6, 0x53, 0xF5, 0x99, 0xF4, 0xEB, 0xF3,
    0x49, 0xF3, 0xB3, 0xF2, 0x2C, 0xF2, 0xB2, 0xF1, 0x46, 0xF1, 0xE9, 0xF0,
    0x9C, 0xF0, 0x5D, 0xF0, 0x2F, 0xF0, 0x11, 0xF0, 0x02, 0xF0, 0x04, 0xF0,
    0x15, 0xF0, 0x37, 0xF0, 0x69, 0xF0, 0xAA, 0xF0, 0xFB, 0xF0, 0x5B, 0xF1,
    0xC9, 0xF1, 0x46, 0xF2, 0xD0, 0xF2, 0x68, 0xF3, 0x0D, 0xF4, 0xBE, 0xF4,
    0x7A, 0xF5, 0x40, 0xF6, 0x10, 0xF7, 0xE9, 0xF7, 0xCB, 0xF8, 0xB3, 0xF9,
    0xA2, 0xFA, 0x97, 0xFB, 0x90, 0xFC, 0x8C, 0xFD, 0x8B, 0xFE, 0x8B, 0xFF,
    0x8C, 0x00, 0x8C, 0x01, 0x8B, 0x02, 0x87, 0x03, 0x7F, 0x04, 0x73, 0x05,
    0x61, 0x06, 0x49, 0x07, 0x2A, 0x08, 0x02, 0x09, 0xD2, 0x09, 0x97, 0x0A,
    0x53, 0x0B, 0x02, 0x0C, 0xA6, 0x0C, 0x3C, 0x0D, 0xC6, 0x0D, 0x41, 0x0E,
    0xAF, 0x0E, 0x0D, 0x0F, 0x5C, 0x0F, 0x9C, 0x0F, 0xCC, 0x0F, 0xED, 0x0F,
    0xFD, 0x0F, 0xFD, 0x0F, 0xED, 0x0F, 0xCD, 0x0F, 0x9E, 0x0F, 0x5E, 0x0F,
    0x0F, 0x0F, 0xB1, 0x0E, 0x44, 0x0E, 0xC9, 0x0D, 0x40, 0x0D, 0xA9, 0x0C,
    0x06, 0x0C, 0x58, 0x0B, 0x9D, 0x0A, 0xD7, 0x09, 0x08, 0x09, 0x30, 0x08,
    0x4F, 0x07, 0x67, 0x06, 0x79, 0x05, 0x85, 0x04, 0x8D, 0x03, 0x91, 0x02,
    0x92, 0x01, 0x92, 0x00, 0x91, 0xFF, 0x91, 0xFE, 0x92, 0xFD, 0x96, 0xFC,
    0x9E, 0xFB, 0xA9, 0xFA, 0xBA, 0xF9, 0xD1, 0xF8, 0xEF, 0xF7, 0x16, 0xF7,
    0x45, 0xF6, 0x7F, 0xF5, 0xC2, 0xF4, 0x11, 0xF4, 0x6C, 0xF3, 0xD4, 0xF2,
    0x49, 0xF2, 0xCC, 0xF1, 0x5D, 0xF1, 0xFD, 0xF0, 0xAC, 0xF0, 0x6A, 0xF0,
    0x38, 0xF0, 0x16, 0xF0, 0x04, 0xF0, 0x02, 0xF0, 0x10, 0xF0, 0x2E, 0xF0,
    0x5C, 0xF0, 0x9A, 0xF0, 0xE7, 0xF0, 0x43, 0xF1, 0xAF, 0xF1, 0x28, 0xF2,
    0xB0, 0xF2, 0x44, 0xF3, 0xE6, 0xF3, 0x94, 0xF4, 0x4E, 0xF5, 0x12, 0xF6,
    0xE0, 0xF6, 0xB7, 0xF7, 0x97, 0xF8, 0x7E, 0xF9, 0x6C, 0xFA, 0x5F, 0xFB,
    0x57, 0xFC, 0x53, 0xFD, 0x51, 0xFE, 0x51, 0xFF, 0x52, 0x00, 0x51, 0x01,
    0x50, 0x02, 0x4D, 0x03, 0x47, 0x04, 0x3C, 0x05, 0x2B, 0x06, 0x15, 0x07,
    0xF8, 0x07, 0xD2, 0x08, 0xA4, 0x09, 0x6C, 0x0A, 0x29, 0x0B, 0xDB, 0x0B,
    0x82, 0x0C, 0x1B, 0x0D, 0xA8, 0x0D, 0x26, 0x0E, 0x97, 0x0E, 0xF9, 0x0E,
    0x4C, 0x0F, 0x8F, 0x0F, 0xC3, 0x0F, 0xE7, 0x0F, 0xFB, 0x0F, 0xFF, 0x0F,
    0xF2, 0x0F, 0xD6, 0x0F, 0xAA, 0x0F, 0x6E, 0x0F, 0x22, 0x0F, 0xC8, 0x0E,
    0x5E, 0x0E, 0xE7, 0x0D, 0x61, 0x0D, 0xCD, 0x0C, 0x2D, 0x0C, 0x80, 0x0B,
    0xC8, 0x0A, 0x05, 0x0A, 0x38, 0x09, 0x62, 0x08, 0x83, 0x07, 0x9C, 0x06,
    0xB0, 0x05, 0xBD, 0x04, 0xC5, 0x03, 0xCA, 0x02, 0xCD, 0x01, 0xCD, 0x00,
    0xCC, 0xFF, 0xCC, 0xFE, 0xCC, 0xFD, 0xD0, 0xFC, 0xD6, 0xFB, 0xE0, 0xFA,
    0xEF, 0xF9, 0x05, 0xF9, 0x22, 0xF8, 0x46, 0xF7, 0x74, 0xF6, 0xAA, 0xF5,
    0xEC, 0xF4, 0x38, 0xF4, 0x91, 0xF3, 0xF6, 0xF2, 0x68, 0xF2, 0xE7, 0xF1,
    0x75, 0xF1, 0x12, 0xF1, 0xBD, 0xF0, 0x78, 0xF0, 0x42, 0xF0, 0x1D, 0xF0,
    0x07, 0xF0, 0x01, 0xF0, 0x0B, 0xF0, 0x26, 0xF0, 0x50, 0xF0, 0x8B, 0xF0,
    0xD4, 0xF0, 0x2D, 0xF1, 0x95, 0xF1, 0x0B, 0xF2, 0x90, 0xF2, 0x22, 0xF3,
    0xC0, 0xF3, 0x6C, 0xF4, 0x23, 0xF5, 0xE4, 0xF5, 0xB0, 0xF6, 0x86, 0xF7,
    0x64, 0xF8, 0x49, 0xF9, 0x35, 0xFA, 0x27, 0xFB, 0x1E, 0xFC, 0x19, 0xFD,
    0x16, 0xFE, 0x16, 0xFF, 0x17, 0x00, 0x17, 0x01, 0x17, 0x02, 0x14, 0x03,
    0x0E, 0x04, 0x05, 0x05, 0xF6, 0x05, 0xE1, 0x06, 0xC5, 0x07, 0xA1, 0x08,
    0x75, 0x09, 0x3F, 0x0A, 0xFF, 0x0A, 0xB4, 0x0B, 0x5D, 0x0C, 0xF9, 0x0C,
    0x89, 0x0D, 0x0B, 0x0E, 0x7F, 0x0E, 0xE4, 0x0E, 0x3A, 0x0F, 0x81, 0x0F,
    0xB8, 0x0F, 0xE0, 0x0F, 0xF8, 0x0F, 0xFF, 0x0F, 0xF7, 0x0F, 0xDE, 0x0F,
    0xB5, 0x0F, 0x7D, 0x0F, 0x35, 0x0F, 0xDE, 0x0E, 0x78, 0x0E, 0x03, 0x0E,
    0x80, 0x0D, 0xF0, 0x0C, 0x52, 0x0C, 0xA8, 0x0B, 0xF3, 0x0A, 0x32, 0x0A,
    0x67, 0x09, 0x93, 0x08, 0xB6, 0x07, 0xD1, 0x06, 0xE6, 0x05, 0xF5, 0x04,
    0xFE, 0x03, 0x04, 0x03, 0x06, 0x02, 0x07, 0x01, 0x06, 0x00, 0x06, 0xFF,
    0x06, 0xFE, 0x08, 0xFD, 0x0E, 0xFC, 0x17, 0xFB, 0x25, 0xFA, 0x3A, 0xF9,
    0x54, 0xF8, 0x77, 0xF7, 0xA3, 0xF6, 0xD8, 0xF5, 0x17, 0xF5, 0x60, 0xF4,
    0xB6, 0xF3, 0x18, 0xF3, 0x87, 0xF2, 0x03, 0xF2, 0x8E, 0xF1, 0x27, 0xF1,
    0xCF, 0xF0, 0x86, 0xF0, 0x4D, 0xF0, 0x24, 0xF0, 0x0A, 0xF0, 0x01, 0xF0,
    0x08, 0xF0, 0x1E, 0xF0, 0x45, 0xF0, 0x7C, 0xF0, 0xC2, 0xF0, 0x18, 0xF1,
    0x7C, 0xF1, 0xEF, 0xF1, 0x71, 0xF2, 0xFF, 0xF2, 0x9B, 0xF3, 0x44, 0xF4,
    0xF8, 0xF4, 0xB8, 0xF5, 0x81, 0xF6, 0x54, 0xF7, 0x30, 0xF8, 0x14, 0xF9,
    0xFF, 0xF9, 0xEF, 0xFA, 0xE5, 0xFB, 0xE0, 0xFC, 0xDD, 0xFD, 0xDC, 0xFE,
    0xDD, 0xFF, 0xDD, 0x00, 0xDD, 0x01, 0xDB, 0x02, 0xD6, 0x03, 0xCD, 0x04,
    0xC0, 0x05, 0xAB, 0x06, 0x91, 0x07, 0x70, 0x08, 0x45, 0x09, 0x12, 0x0A,
    0xD4, 0x0A, 0x8C, 0x0B, 0x37, 0x0C, 0xD7, 0x0C, 0x69, 0x0D, 0xEF, 0x0D,
    0x66, 0x0E, 0xCE, 0x0E, 0x28, 0x0F, 0x72, 0x0F, 0xAD, 0x0F, 0xD8, 0x0F,
    0xF4, 0x0F, 0xFF, 0x0F, 0xFA, 0x0F, 0xE5, 0x0F, 0xC0, 0x0F, 0x8B, 0x0F,
    0x47, 0x0F, 0xF3, 0x0E, 0x90, 0x0E, 0x1F, 0x0E, 0x9F, 0x0D, 0x11, 0x0D,
    0x77, 0x0C, 0xD0, 0x0B, 0x1D, 0x0B, 0x5F, 0x0A, 0x96, 0x09, 0xC4, 0x08,
    0xE9, 0x07, 0x06, 0x07, 0x1C, 0x06, 0x2C, 0x05, 0x37, 0x04, 0x3D, 0x03,
    0x40, 0x02, 0x41, 0x01, 0x40, 0x00, 0x40, 0xFF, 0x40, 0xFE, 0x42, 0xFD,
    0x46, 0xFC, 0x4F, 0xFB, 0x5C, 0xFA, 0x6F, 0xF9, 0x88, 0xF8, 0xA9, 0xF7,
    0xD2, 0xF6, 0x05, 0xF6, 0x41, 0xF5, 0x89, 0xF4, 0xDB, 0xF3, 0x3A, 0xF3,
    0xA6, 0xF2, 0x20, 0xF2, 0xA7, 0xF1, 0x3D, 0xF1, 0xE1, 0xF0, 0x95, 0xF0,
    0x59, 0xF0, 0x2C, 0xF0, 0x0F, 0xF0, 0x02, 0xF0, 0x05, 0xF0, 0x18, 0xF0,
    0x3B, 0xF0, 0x6E, 0xF0, 0xB1, 0xF0, 0x03, 0xF1, 0x64, 0xF1, 0xD4, 0xF1,
    0x52, 0xF2, 0xDE, 0xF2, 0x77, 0xF3, 0x1C, 0xF4, 0xCE, 0xF4, 0x8B, 0xF5,
    0x52, 0xF6, 0x24, 0xF7, 0xFE, 0xF7, 0xE0, 0xF8, 0xC9, 0xF9, 0xB9, 0xFA,
    0xAD, 0xFB, 0xA7, 0xFC, 0xA3, 0xFD, 0xA2, 0xFE, 0xA3, 0xFF, 0xA3, 0x00,
    0xA3, 0x01, 0xA1, 0x02, 0x9D, 0x03, 0x95, 0x04, 0x88, 0x05, 0x76, 0x06,
    0x5E, 0x07, 0x3E, 0x08, 0x16, 0x09, 0xE4, 0x09, 0xA9, 0x0A, 0x63, 0x0B,
    0x12, 0x0C, 0xB4, 0x0C, 0x49, 0x0D, 0xD2, 0x0D, 0x4C, 0x0E, 0xB8, 0x0E,
    0x15, 0x0F, 0x63, 0x0F, 0xA1, 0x0F, 0xD0, 0x0F, 0xEF, 0x0F, 0xFE, 0x0F,
    0xFC, 0x0F, 0xEB, 0x0F, 0xCA, 0x0F, 0x99, 0x0F, 0x58, 0x0F, 0x07, 0x0F,
    0xA8, 0x0E, 0x39, 0x0E, 0xBD, 0x0D, 0x33, 0x0D, 0x9B, 0x0C, 0xF7, 0x0B,
    0x47, 0x0B, 0x8B, 0x0A, 0xC5, 0x09, 0xF5, 0x08, 0x1C, 0x08, 0x3A, 0x07,
    0x52, 0x06, 0x63, 0x05, 0x6F, 0x04, 0x76, 0x03, 0x79, 0x02, 0x7B, 0x01,
    0x7B, 0x00, 0x7B, 0xFF, 0x7A, 0xFE, 0x7C, 0xFD, 0x80, 0xFC, 0x87, 0xFB,
    0x93, 0xFA, 0xA4, 0xF9, 0xBC, 0xF8, 0xDB, 0xF7, 0x02, 0xF7, 0x33, 0xF6,
    0x6D, 0xF5, 0xB1, 0xF4, 0x02, 0xF4, 0x5E, 0xF3, 0xC7, 0xF2, 0x3E, 0xF2,
    0xC2, 0xF1, 0x54, 0xF1, 0xF5, 0xF0, 0xA5, 0xF0, 0x65, 0xF0, 0x35, 0xF0,
    0x14, 0xF0, 0x03, 0xF0, 0x03, 0xF0, 0x12, 0xF0, 0x32, 0xF0, 0x61, 0xF0,
    0xA0, 0xF0, 0xEF, 0xF0, 0x4C, 0xF1, 0xB9, 0xF1, 0x34, 0xF2, 0xBD, 0xF2,
    0x53, 0xF3, 0xF6, 0xF3, 0xA5, 0xF4, 0x5F, 0xF5, 0x24, 0xF6, 0xF3, 0xF6,
    0xCB, 0xF7, 0xAC, 0xF8, 0x94, 0xF9, 0x82, 0xFA, 0x76, 0xFB, 0x6D, 0xFC,
    0x69, 0xFD, 0x68, 0xFE, 0x68, 0xFF, 0x68, 0x00, 0x69, 0x01, 0x68, 0x02,
    0x64, 0x03, 0x5D, 0x04, 0x52, 0x05, 0x41, 0x06, 0x2A, 0x07, 0x0C, 0x08,
    0xE6, 0x08, 0xB6, 0x09, 0x7D, 0x0A, 0x39, 0x0B, 0xEB, 0x0B, 0x90, 0x0C,
    0x28, 0x0D, 0xB4, 0x0D, 0x31, 0x0E, 0xA0, 0x0E, 0x01, 0x0F, 0x52, 0x0F,
    0x94, 0x0F, 0xC7, 0x0F, 0xE9, 0x0F, 0xFC, 0x0F, 0xFE, 0x0F, 0xF0, 0x0F,
    0xD3, 0x0F, 0xA5, 0x0F, 0x68, 0x0F, 0x1B, 0x0F, 0xBF, 0x0E, 0x54, 0x0E,
    0xDB, 0x0D, 0x54, 0x0D, 0xBF, 0x0C, 0x1D, 0x0C, 0x70, 0x0B, 0xB6, 0x0A,
    0xF2, 0x09, 0x24, 0x09, 0x4D, 0x08, 0x6E, 0x07, 0x87, 0x06, 0x9A, 0x05,
    0xA7, 0x04, 0xAF, 0x03, 0xB4, 0x02, 0xB5, 0x01, 0xB5, 0x00, 0xB5, 0xFF,
    0xB4, 0xFE, 0xB5, 0xFD, 0xB8, 0xFC, 0xBF, 0xFB, 0xCA, 0xFA, 0xDA, 0xF9,
    0xF0, 0xF8, 0x0D, 0xF8, 0x33, 0xF7, 0x61, 0xF6, 0x99, 0xF5, 0xDB, 0xF4,
    0x29, 0xF4, 0x82, 0xF3, 0xE8, 0xF2, 0x5B, 0xF2, 0xDC, 0xF1, 0x6B, 0xF1,
    0x09, 0xF1, 0xB6, 0xF0, 0x72, 0xF0, 0x3E, 0xF0, 0x1A, 0xF0, 0x06, 0xF0,
    0x01, 0xF0, 0x0D, 0xF0, 0x29, 0xF0, 0x55, 0xF0, 0x90, 0xF0, 0xDC, 0xF0,
    0x36, 0xF1, 0x9F, 0xF1, 0x17, 0xF2, 0x9C, 0xF2, 0x30, 0xF3, 0xD0, 0xF3,
    0x7C, 0xF4, 0x34, 0xF5, 0xF7, 0xF5, 0xC4, 0xF6, 0x9A, 0xF7, 0x78, 0xF8,
    0x5E, 0xF9, 0x4B, 0xFA, 0x3D, 0xFB, 0x35, 0xFC, 0x30, 0xFD, 0x2E, 0xFE,
    0x2E, 0xFF, 0x2E, 0x00, 0x2F, 0x01, 0x2E, 0x02, 0x2B, 0x03, 0x25, 0x04,
    0x1B, 0x05, 0x0B, 0x06, 0xF5, 0x06, 0xD9, 0x07, 0xB4, 0x08, 0x87, 0x09,
    0x51, 0x0A, 0x10, 0x0B, 0xC4, 0x0B, 0x6C, 0x0C, 0x07, 0x0D, 0x95, 0x0D,
    0x16, 0x0E, 0x89, 0x0E, 0xEC, 0x0E, 0x41, 0x0F, 0x87, 0x0F, 0xBD, 0x0F,
    0xE3, 0x0F, 0xF9, 0x0F, 0xFF, 0x0F, 0xF5, 0x0F, 0xDB, 0x0F, 0xB1, 0x0F,
    0x77, 0x0F, 0x2E, 0x0F, 0xD5, 0x0E, 0x6E, 0x0E, 0xF7, 0x0D, 0x73, 0x0D,
    0xE2, 0x0C, 0x43, 0x0C, 0x98, 0x0B, 0xE1, 0x0A, 0x20, 0x0A, 0x55, 0x09,
    0x80, 0x08, 0xA2, 0x07, 0xBD, 0x06, 0xD0, 0x05, 0xDF, 0x04, 0xE8, 0x03,
    0xED, 0x02, 0xEF, 0x01, 0xEF, 0x00, 0xEF, 0xFF, 0xEE, 0xFE, 0xEF, 0xFD,
    0xF1, 0xFC, 0xF7, 0xFB, 0x01, 0xFB, 0x10, 0xFA, 0x25, 0xF9, 0x41, 0xF8,
    0x64, 0xF7, 0x90, 0xF6, 0xC6, 0xF5, 0x05, 0xF5, 0x50, 0xF4, 0xA7, 0xF3,
    0x0A, 0xF3, 0x7A, 0xF2, 0xF8, 0xF1, 0x84, 0xF1, 0x1E, 0xF1, 0xC8, 0xF0,
    0x80, 0xF0, 0x49, 0xF0, 0x21, 0xF0, 0x09, 0xF0, 0x01, 0xF0, 0x09, 0xF0,
    0x21, 0xF0, 0x4A, 0xF0, 0x82, 0xF0, 0xC9, 0xF0, 0x20, 0xF1, 0x86, 0xF1,
    0xFA, 0xF1, 0x7D, 0xF2, 0x0D, 0xF3, 0xAA, 0xF3, 0x53, 0xF4, 0x09, 0xF5,
    0xC9, 0xF5, 0x94, 0xF6, 0x68, 0xF7, 0x45, 0xF8, 0x29, 0xF9, 0x15, 0xFA,
    0x06, 0xFB, 0xFC, 0xFB, 0xF7, 0xFC, 0xF4, 0xFD, 0xF4, 0xFE, 0xF4, 0xFF,
    0xF5, 0x00, 0xF4, 0x01, 0xF1, 0x02, 0xEC, 0x03, 0xE3, 0x04, 0xD5, 0x05,
    0xC1, 0x06, 0xA6, 0x07, 0x83, 0x08, 0x58, 0x09, 0x24, 0x0A, 0xE5, 0x0A,
    0x9C, 0x0B, 0x47, 0x0C, 0xE5, 0x0C, 0x76, 0x0D, 0xFA, 0x0D, 0x70, 0x0E,
    0xD7, 0x0E, 0x2F, 0x0F, 0x78, 0x0F, 0xB2, 0x0F, 0xDB, 0x0F, 0xF5, 0x0F,
    0xFF, 0x0F, 0xF9, 0x0F, 0xE2, 0x0F, 0xBC, 0x0F, 0x85, 0x0F, 0x40, 0x0F,
    0xEA, 0x0E, 0x86, 0x0E, 0x13, 0x0E, 0x93, 0x0D, 0x04, 0x0D, 0x69, 0x0C,
    0xC0, 0x0B, 0x0C, 0x0B, 0x4D, 0x0A, 0x84, 0x09, 0xB0, 0x08, 0xD5, 0x07,
    0xF1, 0x06, 0x06, 0x06, 0x16, 0x05, 0x20, 0x04, 0x26, 0x03, 0x29, 0x02,
    0x29, 0x01, 0x2A, 0x00, 0x29, 0xFF, 0x29, 0xFE, 0x2B, 0xFD, 0x30, 0xFC,
    0x39, 0xFB, 0x46, 0xFA, 0x5A, 0xF9, 0x74, 0xF8, 0x95, 0xF7, 0xBF, 0xF6,
    0xF3, 0xF5, 0x30, 0xF5, 0x78, 0xF4, 0xCC, 0xF3, 0x2C, 0xF3, 0x9A, 0xF2,
    0x14, 0xF2, 0x9D, 0xF1, 0x34, 0xF1, 0xDA, 0xF0, 0x8F, 0xF0, 0x54, 0xF0,
    0x28, 0xF0, 0x0D, 0xF0, 0x01, 0xF0, 0x06, 0xF0, 0x1A, 0xF0, 0x3F, 0xF0,
    0x74, 0xF0, 0xB8, 0xF0, 0x0B, 0xF1, 0x6D, 0xF1, 0xDF, 0xF1, 0x5E, 0xF2,
    0xEB, 0xF2, 0x85, 0xF3, 0x2C, 0xF4, 0xDF, 0xF4, 0x9D, 0xF5, 0x65, 0xF6,
    0x37, 0xF7, 0x12, 0xF8, 0xF5, 0xF8, 0xDF, 0xF9, 0xCF, 0xFA, 0xC4, 0xFB,
    0xBE, 0xFC, 0xBA, 0xFD, 0xB9, 0xFE, 0xB9, 0xFF, 0xBA, 0x00, 0xBA, 0x01,
    0xB8, 0x02, 0xB4, 0x03, 0xAC, 0x04, 0x9F, 0x05, 0x8C, 0x06, 0x73, 0x07,
    0x52, 0x08, 0x29, 0x09, 0xF7, 0x09, 0xBB, 0x0A, 0x74, 0x0B, 0x20, 0x0C,
    0xC2, 0x0C, 0x56, 0x0D, 0xDD, 0x0D, 0x56, 0x0E, 0xC1, 0x0E, 0x1D, 0x0F,
    0x69, 0x0F, 0xA6, 0x0F, 0xD3, 0x0F, 0xF1, 0x0F, 0xFE, 0x0F, 0xFC, 0x0F,
    0xE9, 0x0F, 0xC6, 0x0F, 0x93, 0x0F, 0x51, 0x0F, 0xFF, 0x0E, 0x9E, 0x0E,
    0x2F, 0x0E, 0xB1, 0x0D, 0x26, 0x0D, 0x8D, 0x0C, 0xE8, 0x0B, 0x36, 0x0B,
    0x79, 0x0A, 0xB2, 0x09, 0xE1, 0x08, 0x07, 0x08, 0x25, 0x07, 0x3C, 0x06,
    0x4D, 0x05, 0x59, 0x04, 0x60, 0x03, 0x63, 0x02, 0x64, 0x01, 0x64, 0x00,
    0x63, 0xFF, 0x63, 0xFE, 0x64, 0xFD, 0x69, 0xFC, 0x70, 0xFB, 0x7D, 0xFA,
    0x8F, 0xF9, 0xA7, 0xF8, 0xC7, 0xF7, 0xEF, 0xF6, 0x21, 0xF6, 0x5C, 0xF5,
    0xA1, 0xF4, 0xF3, 0xF3, 0x50, 0xF3, 0xBA, 0xF2, 0x32, 0xF2, 0xB7, 0xF1,
    0x4B, 0xF1, 0xED, 0xF0, 0x9F, 0xF0, 0x60, 0xF0, 0x31, 0xF0, 0x12, 0xF0,
    0x03, 0xF0, 0x03, 0xF0, 0x14, 0xF0, 0x35, 0xF0, 0x66, 0xF0, 0xA7, 0xF0,
    0xF7, 0xF0, 0x56, 0xF1, 0xC4, 0xF1, 0x40, 0xF2, 0xCA, 0xF2, 0x61, 0xF3,
    0x05, 0xF4, 0xB5, 0xF4, 0x71, 0xF5, 0x37, 0xF6, 0x07, 0xF7, 0xE0, 0xF7,
    0xC0, 0xF8, 0xA9, 0xF9, 0x97, 0xFA, 0x8B, 0xFB, 0x84, 0xFC, 0x80, 0xFD,
    0x7F, 0xFE, 0x7F, 0xFF, 0x80, 0x00, 0x80, 0x01, 0x7F, 0x02, 0x7B, 0x03,
    0x74, 0x04, 0x68, 0x05, 0x57, 0x06, 0x3F, 0x07, 0x20, 0x08, 0xF9, 0x08,
    0xC8, 0x09, 0x8F, 0x0A, 0x4A, 0x0B, 0xFA, 0x0B, 0x9E, 0x0C, 0x36, 0x0D,
    0xC0, 0x0D, 0x3C, 0x0E, 0xAA, 0x0E, 0x09, 0x0F, 0x59, 0x0F, 0x9A, 0x0F,
    0xCB, 0x0F, 0xEC, 0x0F, 0xFD, 0x0F, 0xFE, 0x0F, 0xEE, 0x0F, 0xCF, 0x0F,
    0xA0, 0x0F, 0x61, 0x0F, 0x13, 0x0F, 0xB6, 0x0E, 0x4A, 0x0E, 0xCF, 0x0D,
    0x46, 0x0D, 0xB1, 0x0C, 0x0E, 0x0C, 0x5F, 0x0B, 0xA5, 0x0A, 0xE0, 0x09,
    0x12, 0x09, 0x3A, 0x08, 0x5A, 0x07, 0x72, 0x06, 0x84, 0x05, 0x91, 0x04,
    0x98, 0x03, 0x9C, 0x02, 0x9E, 0x01, 0x9E, 0x00, 0x9D, 0xFF, 0x9D, 0xFE,
    0x9E, 0xFD, 0xA1, 0xFC, 0xA8, 0xFB, 0xB4, 0xFA, 0xC5, 0xF9, 0xDC, 0xF8,
    0xFA, 0xF7, 0x20, 0xF7, 0x4F, 0xF6, 0x87, 0xF5, 0xCB, 0xF4, 0x19, 0xF4,
    0x74, 0xF3, 0xDB, 0xF2, 0x4F, 0xF2, 0xD1, 0xF1, 0x62, 0xF1, 0x01, 0xF1,
    0xAF, 0xF0, 0x6D, 0xF0, 0x3A, 0xF0, 0x17, 0xF0, 0x05, 0xF0, 0x02, 0xF0,
    0x0F, 0xF0, 0x2C, 0xF0, 0x5A, 0xF0, 0x97, 0xF0, 0xE3, 0xF0, 0x3F, 0xF1,
    0xAA, 0xF1, 0x22, 0xF2, 0xA9, 0xF2, 0x3E, 0xF3, 0xDF, 0xF3, 0x8C, 0xF4,
    0x45, 0xF5, 0x09, 0xF6, 0xD6, 0xF6, 0xAD, 0xF7, 0x8D, 0xF8, 0x73, 0xF9,
    0x61, 0xFA, 0x54, 0xFB, 0x4B, 0xFC, 0x47, 0xFD, 0x45, 0xFE, 0x45, 0xFF,
    0x46, 0x00, 0x46, 0x01, 0x45, 0x02, 0x41, 0x03, 0x3B, 0x04, 0x31, 0x05,
    0x21, 0x06, 0x0A, 0x07, 0xED, 0x07, 0xC8, 0x08, 0x9A, 0x09, 0x63, 0x0A,
    0x21, 0x0B, 0xD3, 0x0B, 0x7A, 0x0C, 0x15, 0x0D, 0xA2, 0x0D, 0x21, 0x0E,
    0x92, 0x0E, 0xF5, 0x0E, 0x48, 0x0F, 0x8C, 0x0F, 0xC1, 0x0F, 0xE5, 0x0F,
    0xFA, 0x0F, 0xFF, 0x0F, 0xF3, 0x0F, 0xD8, 0x0F, 0xAC, 0x0F, 0x71, 0x0F,
    0x26, 0x0F, 0xCC, 0x0E, 0x63, 0x0E, 0xEC, 0x0D, 0x67, 0x0D, 0xD4, 0x0C,
    0x34, 0x0C, 0x88, 0x0B, 0xD1, 0x0A, 0x0E, 0x0A, 0x41, 0x09, 0x6B, 0x08,
    0x8D, 0x07, 0xA7, 0x06, 0xBA, 0x05, 0xC8, 0x04, 0xD1, 0x03, 0xD6, 0x02,
    0xD8, 0x01, 0xD8, 0x00, 0xD7, 0xFF, 0xD7, 0xFE, 0xD8, 0xFD, 0xDB, 0xFC,
    0xE1, 0xFB, 0xEB, 0xFA, 0xFA, 0xF9, 0x10, 0xF9, 0x2C, 0xF8, 0x50, 0xF7,
    0x7D, 0xF6, 0xB3, 0xF5, 0xF4, 0xF4, 0x40, 0xF4, 0x98, 0xF3, 0xFC, 0xF2,
    0x6E, 0xF2, 0xED, 0xF1, 0x7A, 0xF1, 0x16, 0xF1, 0xC1, 0xF0, 0x7B, 0xF0,
    0x44, 0xF0, 0x1E, 0xF0, 0x07, 0xF0, 0x01, 0xF0, 0x0B, 0xF0, 0x24, 0xF0,
    0x4E, 0xF0, 0x87, 0xF0, 0xD1, 0xF0, 0x29, 0xF1, 0x90, 0xF1, 0x05, 0xF2,
    0x89, 0xF2, 0x1B, 0xF3, 0xB9, 0xF3, 0x64, 0xF4, 0x1A, 0xF5, 0xDB, 0xF5,
    0xA7, 0xF6, 0x7C, 0xF7, 0x59, 0xF8, 0x3E, 0xF9, 0x2A, 0xFA, 0x1C, 0xFB,
    0x13, 0xFC, 0x0E, 0xFD, 0x0B, 0xFE, 0x0A, 0xFF, 0x0B, 0x00, 0x0C, 0x01,
    0x0B, 0x02, 0x09, 0x03, 0x03, 0x04, 0xF9, 0x04, 0xEB, 0x05, 0xD6, 0x06,
    0xBB, 0x07, 0x97, 0x08, 0x6C, 0x09, 0x36, 0x0A, 0xF7, 0x0A, 0xAC, 0x0B,
    0x55, 0x0C, 0xF2, 0x0C, 0x83, 0x0D, 0x05, 0x0E, 0x7A, 0x0E, 0xE0, 0x0E,
    0x37, 0x0F, 0x7E, 0x0F, 0xB6, 0x0F, 0xDF, 0x0F, 0xF7, 0x0F, 0xFF, 0x0F,
    0xF7, 0x0F, 0xDF, 0x0F, 0xB7, 0x0F, 0x80, 0x0F, 0x39, 0x0F, 0xE2, 0x0E,
    0x7D, 0x0E, 0x09, 0x0E, 0x86, 0x0D, 0xF6, 0x0C, 0x5A, 0x0C, 0xB0, 0x0B,
    0xFB, 0x0A, 0x3B, 0x0A, 0x71, 0x09, 0x9D, 0x08, 0xC0, 0x07, 0xDC, 0x06,
    0xF1, 0x05, 0xFF, 0x04, 0x0A, 0x04, 0x0F, 0x03, 0x12, 0x02, 0x13, 0x01,
    0x12, 0x00, 0x11, 0xFF, 0x12, 0xFE, 0x14, 0xFD, 0x19, 0xFC, 0x22, 0xFB,
    0x30, 0xFA, 0x44, 0xF9, 0x5F, 0xF8, 0x81, 0xF7, 0xAC, 0xF6, 0xE0, 0xF5,
    0x1F, 0xF5, 0x68, 0xF4, 0xBD, 0xF3, 0x1F, 0xF3, 0x8D, 0xF2, 0x09, 0xF2,
    0x93, 0xF1, 0x2B, 0xF1, 0xD3, 0xF0, 0x89, 0xF0, 0x4F, 0xF0, 0x25, 0xF0,
    0x0B, 0xF0, 0x01, 0xF0, 0x07, 0xF0, 0x1D, 0xF0, 0x43, 0xF0, 0x79, 0xF0,
    0xBE, 0xF0, 0x13, 0xF1, 0x77, 0xF1, 0xEA, 0xF1, 0x6A, 0xF2, 0xF9, 0xF2,
    0x94, 0xF3, 0x3C, 0xF4, 0xF0, 0xF4, 0xAF, 0xF5, 0x78, 0xF6, 0x4B, 0xF7,
    0x27, 0xF8, 0x09, 0xF9, 0xF4, 0xF9, 0xE4, 0xFA, 0xDA, 0xFB, 0xD4, 0xFC,
    0xD1, 0xFD, 0xD0, 0xFE, 0xD1, 0xFF, 0xD1, 0x00, 0xD1, 0x01, 0xCF, 0x02,
    0xCB, 0x03, 0xC2, 0x04, 0xB5, 0x05, 0xA1, 0x06, 0x88, 0x07, 0x66, 0x08,
    0x3C, 0x09, 0x09, 0x0A, 0xCB, 0x0A, 0x83, 0x0B, 0x30, 0x0C, 0xD0, 0x0C,
    0x63, 0x0D, 0xE9, 0x0D, 0x60, 0x0E, 0xCA, 0x0E, 0x24, 0x0F, 0x6F, 0x0F,
    0xAB, 0x0F, 0xD7, 0x0F, 0xF3, 0x0F, 0xFF, 0x0F, 0xFA, 0x0F, 0xE6, 0x0F,
    0xC2, 0x0F, 0x8E, 0x0F, 0x4A, 0x0F, 0xF7, 0x0E, 0x95, 0x0E, 0x24, 0x0E,
    0xA5, 0x0D, 0x18, 0x0D, 0x7E, 0x0C, 0xD8, 0x0B, 0x25, 0x0B, 0x67, 0x0A,
    0x9F, 0x09, 0xCE, 0x08, 0xF3, 0x07, 0x11, 0x07, 0x27, 0x06, 0x37, 0x05,
    0x42, 0x04, 0x48, 0x03, 0x4C, 0x02, 0x4D, 0x01, 0x4C, 0x00, 0x4B, 0xFF,
    0x4B, 0xFE, 0x4D, 0xFD, 0x52, 0xFC, 0x5A, 0xFB, 0x67, 0xFA, 0x7A, 0xF9,
    0x93, 0xF8, 0xB3, 0xF7, 0xDC, 0xF6, 0x0E, 0xF6, 0x4A, 0xF5, 0x91, 0xF4,
    0xE3, 0xF3, 0x42, 0xF3, 0xAD, 0xF2, 0x26, 0xF2, 0xAC, 0xF1, 0x41, 0xF1,
    0xE5, 0xF0, 0x98, 0xF0, 0x5B, 0xF0, 0x2D, 0xF0, 0x10, 0xF0, 0x02, 0xF0,
    0x04, 0xF0, 0x17, 0xF0, 0x39, 0xF0, 0x6B, 0xF0, 0xAD, 0xF0, 0xFF, 0xF0,
    0x5F, 0xF1, 0xCE, 0xF1, 0x4C, 0xF2, 0xD7, 0xF2, 0x70, 0xF3, 0x15, 0xF4,
    0xC6, 0xF4, 0x82, 0xF5, 0x49, 0xF6, 0x1A, 0xF7, 0xF3, 0xF7, 0xD5, 0xF8,
    0xBE, 0xF9, 0xAD, 0xFA, 0xA2, 0xFB, 0x9B, 0xFC, 0x98, 0xFD, 0x96, 0xFE,
    0x97, 0xFF, 0x98, 0x00, 0x98, 0x01, 0x96, 0x02, 0x91, 0x03, 0x8A, 0x04,
    0x7D, 0x05, 0x6C, 0x06, 0x53, 0x07, 0x34, 0x08, 0x0C, 0x09, 0xDB, 0x09,
    0xA0, 0x0A, 0x5B, 0x0B, 0x0A, 0x0C, 0xAD, 0x0C, 0x43, 0x0D, 0xCC, 0x0D,
    0x47, 0x0E, 0xB3, 0x0E, 0x11, 0x0F, 0x5F, 0x0F, 0x9F, 0x0F, 0xCE, 0x0F,
    0xEE, 0x0F, 0xFD, 0x0F, 0xFD, 0x0F, 0xEC, 0x0F, 0xCC, 0x0F, 0x9B, 0x0F,
    0x5B, 0x0F, 0x0B, 0x0F, 0xAC, 0x0E, 0x3F, 0x0E, 0xC3, 0x0D, 0x39, 0x0D,
    0xA3, 0x0C, 0xFF, 0x0B, 0x4F, 0x0B, 0x94, 0x0A, 0xCE, 0x09, 0xFE, 0x08,
    0x26, 0x08, 0x45, 0x07, 0x5C, 0x06, 0x6E, 0x05, 0x7A, 0x04, 0x81, 0x03,
    0x85, 0x02, 0x86, 0x01, 0x86, 0x00, 0x85, 0xFF, 0x86, 0xFE, 0x87, 0xFD,
    0x8B, 0xFC, 0x92, 0xFB, 0x9E, 0xFA, 0xAF, 0xF9, 0xC7, 0xF8, 0xE5, 0xF7,
    0x0C, 0xF7, 0x3C, 0xF6, 0x75, 0xF5, 0xBA, 0xF4, 0x09, 0xF4, 0x65, 0xF3,
    0xCD, 0xF2, 0x43, 0xF2, 0xC7, 0xF1, 0x59, 0xF1, 0xF9, 0xF0, 0xA9, 0xF0,
    0x68, 0xF0, 0x36, 0xF0, 0x15, 0xF0, 0x04, 0xF0, 0x02, 0xF0, 0x11, 0xF0,
    0x30, 0xF0, 0x5F, 0xF0, 0x9D, 0xF0, 0xEB, 0xF0, 0x48, 0xF1, 0xB4, 0xF1,
    0x2E, 0xF2, 0xB6, 0xF2, 0x4C, 0xF3, 0xEE, 0xF3, 0x9C, 0xF4, 0x56, 0xF5,
    0x1B, 0xF6, 0xEA, 0xF6, 0xC1, 0xF7, 0xA1, 0xF8, 0x89, 0xF9, 0x77, 0xFA,
    0x6A, 0xFB, 0x62, 0xFC, 0x5E, 0xFD, 0x5D, 0xFE, 0x5C, 0xFF, 0x5D, 0x00,
    0x5D, 0x01, 0x5C, 0x02, 0x59, 0x03, 0x52, 0x04, 0x47, 0x05, 0x36, 0x06,
    0x20, 0x07, 0x02, 0x08, 0xDC, 0x08, 0xAD, 0x09, 0x75, 0x0A, 0x31, 0x0B,
    0xE3, 0x0B, 0x89, 0x0C, 0x22, 0x0D, 0xAE, 0x0D, 0x2C, 0x0E, 0x9C, 0x0E,
    0xFD, 0x0E, 0x4F, 0x0F, 0x92, 0x0F, 0xC5, 0x0F, 0xE8, 0x0F, 0xFB, 0x0F,
    0xFE, 0x0F, 0xF1, 0x0F, 0xD4, 0x0F, 0xA7, 0x0F, 0x6B, 0x0F, 0x1F, 0x0F,
    0xC4, 0x0E, 0x59, 0x0E, 0xE1, 0x0D, 0x5A, 0x0D, 0xC6, 0x0C, 0x25, 0x0C,
    0x78, 0x0B, 0xBF, 0x0A, 0xFC, 0x09, 0x2E, 0x09, 0x57, 0x08, 0x78, 0x07,
    0x92, 0x06, 0xA5, 0x05, 0xB2, 0x04, 0xBB, 0x03, 0xBF, 0x02, 0xC1, 0x01,
    0xC1, 0x00, 0xC0, 0xFF, 0xC0, 0xFE, 0xC1, 0xFD, 0xC4, 0xFC, 0xCA, 0xFB,
    0xD5, 0xFA, 0xE5, 0xF9, 0xFA, 0xF8, 0x18, 0xF8, 0x3C, 0xF7, 0x6A, 0xF6,
    0xA1, 0xF5, 0xE4, 0xF4, 0x31, 0xF4, 0x8A, 0xF3, 0xEF, 0xF2, 0x62, 0xF2,
    0xE2, 0xF1, 0x70, 0xF1, 0x0D, 0xF1, 0xBA, 0xF0, 0x75, 0xF0, 0x40, 0xF0,
    0x1B, 0xF0, 0x06, 0xF0, 0x01, 0xF0, 0x0C, 0xF0, 0x28, 0xF0, 0x52, 0xF0,
    0x8D, 0xF0, 0xD8, 0xF0, 0x31, 0xF1, 0x9A, 0xF1, 0x11, 0xF2, 0x96, 0xF2,
    0x29, 0xF3, 0xC8, 0xF3, 0x74, 0xF4, 0x2B, 0xF5, 0xEE, 0xF5, 0xBA, 0xF6,
    0x90, 0xF7, 0x6E, 0xF8, 0x54, 0xF9, 0x40, 0xFA, 0x32, 0xFB, 0x29, 0xFC,
    0x24, 0xFD, 0x22, 0xFE, 0x22, 0xFF, 0x23, 0x00, 0x23, 0x01, 0x22, 0x02,
    0x20, 0x03, 0x1A, 0x04, 0x10, 0x05, 0x01, 0x06, 0xEB, 0x06, 0xCF, 0x07,
    0xAB, 0x08, 0x7E, 0x09, 0x48, 0x0A, 0x07, 0x0B, 0xBC, 0x0B, 0x64, 0x0C,
    0x00, 0x0D, 0x8F, 0x0D, 0x10, 0x0E, 0x84, 0x0E, 0xE8, 0x0E, 0x3E, 0x0F,
    0x84, 0x0F, 0xBB, 0x0F, 0xE1, 0x0F, 0xF8, 0x0F, 0xFF, 0x0F, 0xF6, 0x0F,
    0xDC, 0x0F, 0xB3, 0x0F, 0x7A, 0x0F, 0x31, 0x0F, 0xD9, 0x0E, 0x73, 0x0E,
    0xFD, 0x0D, 0x7A, 0x0D, 0xE9, 0x0C, 0x4B, 0x0C, 0xA0, 0x0B, 0xEA, 0x0A,
    0x29, 0x0A, 0x5E, 0x09, 0x8A, 0x08, 0xAC, 0x07, 0xC7, 0x06, 0xDB, 0x05,
    0xEA, 0x04, 0xF3, 0x03, 0xF8, 0x02, 0xFB, 0x01, 0xFB, 0x00, 0xFB, 0xFF,
    0xFA, 0xFE, 0xFA, 0xFD, 0xFD, 0xFC, 0x02, 0xFC, 0x0C, 0xFB, 0x1A, 0xFA,
    0x30, 0xF9, 0x4B, 0xF8, 0x6E, 0xF7, 0x9A, 0xF6, 0xCF, 0xF5, 0x0E, 0xF5,
    0x58, 0xF4, 0xAE, 0xF3, 0x11, 0xF3, 0x80, 0xF2, 0xFE, 0xF1, 0x89, 0xF1,
    0x22, 0xF1, 0xCB, 0xF0, 0x83, 0xF0, 0x4B, 0xF0, 0x22, 0xF0, 0x0A, 0xF0,
    0x01, 0xF0, 0x08, 0xF0, 0x20, 0xF0, 0x47, 0xF0, 0x7F, 0xF0, 0xC6, 0xF0,
    0x1C, 0xF1, 0x81, 0xF1, 0xF5, 0xF1, 0x77, 0xF2, 0x06, 0xF3, 0xA3, 0xF3,
    0x4C, 0xF4, 0x01, 0xF5, 0xC0, 0xF5, 0x8A, 0xF6, 0x5E, 0xF7, 0x3A, 0xF8,
    0x1F, 0xF9, 0x0A, 0xFA, 0xFB, 0xFA, 0xF1, 0xFB, 0xEB, 0xFC, 0xE8, 0xFD,
    0xE8, 0xFE, 0xE8, 0xFF, 0xE9, 0x00, 0xE9, 0x01, 0xE6, 0x02, 0xE1, 0x03,
    0xD8, 0x04, 0xCA, 0x05, 0xB6, 0x06, 0x9C, 0x07, 0x7A, 0x08, 0x4F, 0x09,
    0x1B, 0x0A, 0xDD, 0x0A, 0x94, 0x0B, 0x3F, 0x0C, 0xDE, 0x0C, 0x70, 0x0D,
    0xF4, 0x0D, 0x6B, 0x0E, 0xD3, 0x0E, 0x2C, 0x0F, 0x75, 0x0F, 0xB0, 0x0F,
    0xDA, 0x0F, 0xF4, 0x0F, 0xFF, 0x0F, 0xF9, 0x0F, 0xE4, 0x0F, 0xBE, 0x0F,
    0x88, 0x0F, 0x43, 0x0F, 0xEF, 0x0E, 0x8B, 0x0E, 0x19, 0x0E, 0x99, 0x0D,
    0x0B, 0x0D, 0x6F, 0x0C, 0xC8, 0x0B, 0x15, 0x0B, 0x56, 0x0A, 0x8D, 0x09,
    0xBA, 0x08, 0xDF, 0x07, 0xFC, 0x06, 0x11, 0x06, 0x21, 0x05, 0x2B, 0x04,
    0x31, 0x03, 0x34, 0x02, 0x35, 0x01, 0x35, 0x00, 0x34, 0xFF, 0x35, 0xFE,
    0x37, 0xFD, 0x3B, 0xFC, 0x44, 0xFB, 0x51, 0xFA, 0x64, 0xF9, 0x7E, 0xF8,
    0x9F, 0xF7, 0xC9, 0xF6, 0xFC, 0xF5, 0x39, 0xF5, 0x80, 0xF4, 0xD4, 0xF3,
    0x33, 0xF3, 0xA0, 0xF2, 0x1A, 0xF2, 0xA2, 0xF1, 0x39, 0xF1, 0xDE, 0xF0,
    0x92, 0xF0, 0x56, 0xF0, 0x2A, 0xF0, 0x0E, 0xF0, 0x01, 0xF0, 0x05, 0xF0,
    0x19, 0xF0, 0x3D, 0xF0, 0x71, 0xF0, 0xB4, 0xF0, 0x07, 0xF1, 0x69, 0xF1,
    0xD9, 0xF1, 0x58, 0xF2, 0xE4, 0xF2, 0x7E, 0xF3, 0x24, 0xF4, 0xD6, 0xF4,
    0x94, 0xF5, 0x5C, 0xF6, 0x2D, 0xF7, 0x08, 0xF8, 0xEA, 0xF8, 0xD4, 0xF9,
    0xC4, 0xFA, 0xB9, 0xFB, 0xB2, 0xFC, 0xAF, 0xFD, 0xAE, 0xFE, 0xAE, 0xFF,
    0xAE, 0x00, 0xAE, 0x01, 0xAD, 0x02, 0xA8, 0x03, 0xA0, 0x04, 0x94, 0x05,
    0x81, 0x06, 0x68, 0x07, 0x48, 0x08, 0x1F, 0x09, 0xEE, 0x09, 0xB2, 0x0A,
    0x6B, 0x0B, 0x19, 0x0C, 0xBB, 0x0C, 0x50, 0x0D, 0xD7, 0x0D, 0x51, 0x0E,
    0xBC, 0x0E, 0x19, 0x0F, 0x66, 0x0F, 0xA4, 0x0F, 0xD2, 0x0F, 0xF0, 0x0F,
    0xFE, 0x0F, 0xFC, 0x0F, 0xEA, 0x0F, 0xC8, 0x0F, 0x96, 0x0F, 0x54, 0x0F,
    0x03, 0x0F, 0xA3, 0x0E, 0x34, 0x0E, 0xB7, 0x0D, 0x2C, 0x0D, 0x94, 0x0C,
    0xEF, 0x0B, 0x3E, 0x0B, 0x82, 0x0A, 0xBB, 0x09, 0xEB, 0x08, 0x11, 0x08,
    0x30, 0x07, 0x47, 0x06, 0x58, 0x05, 0x63, 0x04, 0x6A, 0x03, 0x6F, 0x02,
    0x70, 0x01, 0x70, 0x00, 0x6F, 0xFF, 0x6F, 0xFE, 0x70, 0xFD, 0x74, 0xFC,
    0x7C, 0xFB, 0x88, 0xFA, 0x99, 0xF9, 0xB1, 0xF8, 0xD1, 0xF7, 0xF9, 0xF6,
    0x29, 0xF6, 0x64, 0xF5, 0xAA, 0xF4, 0xFA, 0xF3, 0x57, 0xF3, 0xC1, 0xF2,
    0x37, 0xF2, 0xBC, 0xF1, 0x4F, 0xF1, 0xF1, 0xF0, 0xA2, 0xF0, 0x62, 0xF0,
    0x33, 0xF0, 0x13, 0xF0, 0x03, 0xF0, 0x03, 0xF0, 0x13, 0xF0, 0x34, 0xF0,
    0x64, 0xF0, 0xA3, 0xF0, 0xF3, 0xF0, 0x51, 0xF1, 0xBE, 0xF1, 0x3A, 0xF2,
    0xC3, 0xF2, 0x5A, 0xF3, 0xFD, 0xF3, 0xAD, 0xF4, 0x68, 0xF5, 0x2E, 0xF6,
    0xFD, 0xF6, 0xD6, 0xF7, 0xB6, 0xF8, 0x9E, 0xF9, 0x8C, 0xFA, 0x80, 0xFB,
    0x79, 0xFC, 0x75, 0xFD, 0x73, 0xFE, 0x73, 0xFF, 0x74, 0x00, 0x74, 0x01,
    0x73, 0x02, 0x70, 0x03, 0x69, 0x04, 0x5D, 0x05, 0x4C, 0x06, 0x35, 0x07,
    0x16, 0x08, 0xEF, 0x08, 0xBF, 0x09, 0x86, 0x0A, 0x42, 0x0B, 0xF2, 0x0B,
    0x97, 0x0C, 0x2F, 0x0D, 0xBA, 0x0D, 0x37, 0x0E, 0xA5, 0x0E, 0x05, 0x0F,
    0x56, 0x0F, 0x97, 0x0F, 0xC9, 0x0F, 0xEA, 0x0F, 0xFC, 0x0F, 0xFE, 0x0F,
    0xEF, 0x0F, 0xD1, 0x0F, 0xA3, 0x0F, 0x65, 0x0F, 0x17, 0x0F, 0xBA, 0x0E,
    0x4F, 0x0E, 0xD5, 0x0D, 0x4D, 0x0D, 0xB8, 0x0C, 0x16, 0x0C, 0x68, 0x0B,
    0xAE, 0x0A, 0xE9, 0x09, 0x1B, 0x09, 0x43, 0x08, 0x64, 0x07, 0x7D, 0x06,
    0x8F, 0x05, 0x9C, 0x04, 0xA4, 0x03, 0xA8, 0x02, 0xAA, 0x01, 0xAA, 0x00,
    0xA9, 0xFF, 0xA8, 0xFE, 0xA9, 0xFD, 0xAD, 0xFC, 0xB3, 0xFB, 0xBF, 0xFA,
    0xCF, 0xF9, 0xE5, 0xF8, 0x04, 0xF8, 0x29, 0xF7, 0x58, 0xF6, 0x90, 0xF5,
    0xD3, 0xF4, 0x21, 0xF4, 0x7B, 0xF3, 0xE1, 0xF2, 0x55, 0xF2, 0xD7, 0xF1,
    0x67, 0xF1, 0x05, 0xF1, 0xB3, 0xF0, 0x70, 0xF0, 0x3C, 0xF0, 0x19, 0xF0,
    0x05, 0xF0, 0x02, 0xF0, 0x0E, 0xF0, 0x2B, 0xF0, 0x57, 0xF0, 0x94, 0xF0,
    0xDF, 0xF0, 0x3A, 0xF1, 0xA4, 0xF1, 0x1D, 0xF2, 0xA3, 0xF2, 0x37, 0xF3,
    0xD7, 0xF3, 0x84, 0xF4, 0x3D, 0xF5, 0xFF, 0xF5, 0xCD, 0xF6, 0xA3, 0xF7,
    0x82, 0xF8, 0x69, 0xF9, 0x56, 0xFA, 0x48, 0xFB, 0x40, 0xFC, 0x3B, 0xFD,
    0x39, 0xFE, 0x39, 0xFF, 0x3A, 0x00, 0x3B, 0x01, 0x3A, 0x02, 0x37, 0x03,
    0x31, 0x04, 0x25, 0x05, 0x16, 0x06, 0x00, 0x07, 0xE3, 0x07, 0xBE, 0x08,
    0x91, 0x09, 0x5A, 0x0A, 0x18, 0x0B, 0xCB, 0x0B, 0x73, 0x0C, 0x0E, 0x0D,
    0x9C, 0x0D, 0x1C, 0x0E, 0x8D, 0x0E, 0xF1, 0x0E, 0x45, 0x0F, 0x8A, 0x0F,
    0xBF, 0x0F, 0xE4, 0x0F, 0xFA, 0x0F, 0xFF, 0x0F, 0xF4, 0x0F, 0xD9, 0x0F,
    0xAF, 0x0F, 0x74, 0x0F, 0x2A, 0x0F, 0xD1, 0x0E, 0x68, 0x0E, 0xF2, 0x0D,
    0x6D, 0x0D, 0xDB, 0x0C, 0x3B, 0x0C, 0x91, 0x0B, 0xD9, 0x0A, 0x17, 0x0A,
    0x4B, 0x09, 0x76, 0x08, 0x97, 0x07, 0xB2, 0x06, 0xC5, 0x05, 0xD3, 0x04,
    0xDC, 0x03, 0xE1, 0x02, 0xE3, 0x01, 0xE4, 0x00, 0xE3, 0xFF, 0xE2, 0xFE,
    0xE3, 0xFD, 0xE7, 0xFC, 0xEC, 0xFB, 0xF6, 0xFA, 0x05, 0xFA, 0x1A, 0xF9,
    0x36, 0xF8, 0x5A, 0xF7, 0x87, 0xF6, 0xBD, 0xF5, 0xFD, 0xF4, 0x48, 0xF4,
    0x9F, 0xF3, 0x03, 0xF3, 0x74, 0xF2, 0xF2, 0xF1, 0x7F, 0xF1, 0x1A, 0xF1,
    0xC4, 0xF0, 0x7E, 0xF0, 0x47, 0xF0, 0x1F, 0xF0, 0x08, 0xF0, 0x01, 0xF0,
    0x0A, 0xF0, 0x23, 0xF0, 0x4C, 0xF0, 0x85, 0xF0, 0xCD, 0xF0, 0x24, 0xF1,
    0x8B, 0xF1, 0x00, 0xF2, 0x83, 0xF2, 0x14, 0xF3, 0xB1, 0xF3, 0x5C, 0xF4,
    0x11, 0xF5, 0xD2, 0xF5, 0x9D, 0xF6, 0x72, 0xF7, 0x4F, 0xF8, 0x34, 0xF9,
    0x20, 0xFA, 0x11, 0xFB, 0x08, 0xFC, 0x02, 0xFD, 0x00, 0xFE, 0xFF, 0xFE,
    0xFF, 0xFF, 0x00, 0x01, 0xFF, 0x01, 0xFD, 0x02, 0xF8, 0x03, 0xEE, 0x04,
    0xE0, 0x05, 0xCC, 0x06, 0xB0, 0x07, 0x8D, 0x08, 0x62, 0x09, 0x2D, 0x0A,
    0xEE, 0x0A, 0xA4, 0x0B, 0x4E, 0x0C, 0xEC, 0x0C, 0x7C, 0x0D, 0xFF, 0x0D,
    0x75, 0x0E, 0xDB, 0x0E, 0x33, 0x0F, 0x7B, 0x0F, 0xB4, 0x0F, 0xDD, 0x0F,
    0xF6, 0x0F, 0xFF, 0x0F, 0xF8, 0x0F, 0xE1, 0x0F, 0xBA, 0x0F, 0x83, 0x0F,
    0x3C, 0x0F, 0xE6, 0x0E, 0x82, 0x0E, 0x0E, 0x0E, 0x8D, 0x0D, 0xFD, 0x0C,
    0x61, 0x0C, 0xB8, 0x0B, 0x04, 0x0B, 0x44, 0x0A, 0x7A, 0x09, 0xA7, 0x08,
    0xCA, 0x07, 0xE6, 0x06, 0xFC, 0x05, 0x0B, 0x05, 0x15, 0x04, 0x1A, 0x03,
    0x1E, 0x02, 0x1E, 0x01, 0x1E, 0x00, 0x1D, 0xFF, 0x1D, 0xFE, 0x20, 0xFD,
    0x25, 0xFC, 0x2D, 0xFB, 0x3B, 0xFA, 0x4F, 0xF9, 0x69, 0xF8, 0x8B, 0xF7,
    0xB5, 0xF6, 0xE9, 0xF5, 0x27, 0xF5, 0x70, 0xF4, 0xC5, 0xF3, 0x26, 0xF3,
    0x93, 0xF2, 0x0F, 0xF2, 0x98, 0xF1, 0x30, 0xF1, 0xD6, 0xF0, 0x8C, 0xF0,
    0x52, 0xF0, 0x27, 0xF0, 0x0C, 0xF0, 0x01, 0xF0, 0x06, 0xF0, 0x1C, 0xF0,
    0x41, 0xF0, 0x76, 0xF0, 0xBB, 0xF0, 0x0F, 0xF1, 0x72, 0xF1, 0xE4, 0xF1,
    0x64, 0xF2, 0xF2, 0xF2, 0x8D, 0xF3, 0x34, 0xF4, 0xE7, 0xF4, 0xA6, 0xF5,
    0x6F, 0xF6, 0x41, 0xF7, 0x1C, 0xF8, 0xFF, 0xF8, 0xEA, 0xF9, 0xDA, 0xFA,
    0xCF, 0xFB, 0xC8, 0xFC, 0xC5, 0xFD, 0xC5, 0xFE, 0xC5, 0xFF, 0xC6, 0x00,
    0xC6, 0x01, 0xC4, 0x02, 0xBF, 0x03, 0xB7, 0x04, 0xAA, 0x05, 0x97, 0x06,
    0x7D, 0x07, 0x5C, 0x08, 0x33, 0x09, 0xFF, 0x09, 0xC3, 0x0A, 0x7B, 0x0B,
    0x28, 0x0C, 0xC9, 0x0C, 0x5D, 0x0D, 0xE3, 0x0D, 0x5B, 0x0E, 0xC5, 0x0E,
    0x20, 0x0F, 0x6C, 0x0F, 0xA9, 0x0F, 0xD5, 0x0F, 0xF2, 0x0F, 0xFE, 0x0F,
    0xFB, 0x0F, 0xE7, 0x0F, 0xC4, 0x0F, 0x91, 0x0F, 0x4E, 0x0F, 0xFB, 0x0E,
    0x9A, 0x0E, 0x2A, 0x0E, 0xAB, 0x0D, 0x1F, 0x0D, 0x86, 0x0C, 0xE0, 0x0B,
    0x2D, 0x0B, 0x70, 0x0A, 0xA9, 0x09, 0xD7, 0x08, 0xFD, 0x07, 0x1B, 0x07,
    0x32, 0x06, 0x42, 0x05, 0x4D, 0x04, 0x54, 0x03, 0x57, 0x02, 0x58, 0x01,
    0x58, 0x00, 0x57, 0xFF, 0x57, 0xFE, 0x59, 0xFD, 0x5D, 0xFC, 0x65, 0xFB,
    0x72, 0xFA, 0x84, 0xF9, 0x9D, 0xF8, 0xBD, 0xF7, 0xE6, 0xF6, 0x17, 0xF6,
    0x53, 0xF5, 0x99, 0xF4, 0xEB, 0xF3, 0x49, 0xF3, 0xB3, 0xF2, 0x2C, 0xF2,
    0xB2, 0xF1, 0x46, 0xF1, 0xE9, 0xF0, 0x9C, 0xF0, 0x5D, 0xF0, 0x2F, 0xF0,
    0x11, 0xF0, 0x02, 0xF0, 0x04, 0xF0, 0x15, 0xF0, 0x37, 0xF0, 0x69, 0xF0,
    0xAA, 0xF0, 0xFB, 0xF0, 0x5B, 0xF1, 0xC9, 0xF1, 0x46, 0xF2, 0xD0, 0xF2,
    0x68, 0xF3, 0x0D, 0xF4, 0xBE, 0xF4, 0x7A, 0xF5, 0x40, 0xF6, 0x10, 0xF7,
    0xE9, 0xF7, 0xCB, 0xF8, 0xB3, 0xF9, 0xA2, 0xFA, 0x97, 0xFB, 0x90, 0xFC,
    0x8C, 0xFD, 0x8B, 0xFE, 0x8B, 0xFF, 0x8C, 0x00, 0x8C, 0x01, 0x8B, 0x02,
    0x87, 0x03, 0x7F, 0x04, 0x73, 0x05, 0x61, 0x06, 0x49, 0x07, 0x2A, 0x08,
    0x02, 0x09, 0xD2, 0x09, 0x97, 0x0A, 0x53, 0x0B, 0x02, 0x0C, 0xA6, 0x0C,
    0x3C, 0x0D, 0xC6, 0x0D, 0x41, 0x0E, 0xAF, 0x0E, 0x0D, 0x0F, 0x5C, 0x0F,
    0x9C, 0x0F, 0xCC, 0x0F, 0xED, 0x0F, 0xFD, 0x0F, 0xFD, 0x0F, 0xED, 0x0F,
    0xCD, 0x0F, 0x9E, 0x0F, 0x5E, 0x0F, 0x0F, 0x0F, 0xB1, 0x0E, 0x44, 0x0E,
    0xC9, 0x0D, 0x40, 0x0D, 0xA9, 0x0C, 0x06, 0x0C, 0x58, 0x0B, 0x9D, 0x0A,
    0xD7, 0x09, 0x08, 0x09, 0x30, 0x08, 0x4F, 0x07, 0x67, 0x06, 0x79, 0x05,
    0x85, 0x04, 0x8D, 0x03, 0x91, 0x02, 0x92, 0x01, 0x92, 0x00, 0x91, 0xFF,
    0x91, 0xFE, 0x92, 0xFD, 0x96, 0xFC, 0x9E, 0xFB, 0xA9, 0xFA, 0xBA, 0xF9,
    0xD1, 0xF8, 0xEF, 0xF7, 0x16, 0xF7, 0x45, 0xF6, 0x7F, 0xF5, 0xC2, 0xF4,
    0x11, 0xF4, 0x6C, 0xF3, 0xD4, 0xF2, 0x49, 0xF2, 0xCC, 0xF1, 0x5D, 0xF1,
    0xFD, 0xF0, 0xAC, 0xF0, 0x6A, 0xF0, 0x38, 0xF0, 0x16, 0xF0, 0x04, 0xF0,
    0x02, 0xF0, 0x10, 0xF0, 0x2E, 0xF0, 0x5C, 0xF0, 0x9A, 0xF0, 0xE7, 0xF0,
    0x43, 0xF1, 0xAF, 0xF1, 0x28, 0xF2, 0xB0, 0xF2, 0x44, 0xF3, 0xE6, 0xF3,
    0x94, 0xF4, 0x4E, 0xF5, 0x12, 0xF6, 0xE0, 0xF6, 0xB7, 0xF7, 0x97, 0xF8,
    0x7E, 0xF9, 0x6C, 0xFA, 0x5F, 0xFB, 0x57, 0xFC, 0x53, 0xFD, 0x51, 0xFE,
    0x51, 0xFF, 0x52, 0x00, 0x51, 0x01, 0x50, 0x02, 0x4D, 0x03, 0x47, 0x04,
    0x3C, 0x05, 0x2B, 0x06, 0x15, 0x07, 0xF8, 0x07, 0xD2, 0x08, 0xA4, 0x09,
    0x6C, 0x0A, 0x29, 0x0B, 0xDB, 0x0B, 0x82, 0x0C, 0x1B, 0x0D, 0xA8, 0x0D,
    0x26, 0x0E, 0x97, 0x0E, 0xF9, 0x0E, 0x4C, 0x0F, 0x8F, 0x0F, 0xC3, 0x0F,
    0xE7, 0x0F, 0xFB, 0x0F, 0xFF, 0x0F, 0xF2, 0x0F, 0xD6, 0x0F, 0xAA, 0x0F,
    0x6E, 0x0F, 0x22, 0x0F, 0xC8, 0x0E, 0x5E, 0x0E, 0xE7, 0x0D, 0x61, 0x0D,
    0xCD, 0x0C, 0x2D, 0x0C, 0x80, 0x0B, 0xC8, 0x0A, 0x05, 0x0A, 0x38, 0x09,
    0x62, 0x08, 0x83, 0x07, 0x9C, 0x06, 0xB0, 0x05, 0xBD, 0x04, 0xC5, 0x03,
    0xCA, 0x02, 0xCD, 0x01, 0xCD, 0x00, 0xCC, 0xFF, 0xCC, 0xFE, 0xCC, 0xFD,
    0xD0, 0xFC, 0xD6, 0xFB, 0xE0, 0xFA, 0xEF, 0xF9, 0x05, 0xF9, 0x22, 0xF8,
    0x46, 0xF7, 0x74, 0xF6, 0xAA, 0xF5, 0xEC, 0xF4, 0x38, 0xF4, 0x91, 0xF3,
    0xF6, 0xF2, 0x68, 0xF2, 0xE7, 0xF1, 0x75, 0xF1, 0x12, 0xF1, 0xBD, 0xF0,
    0x78, 0xF0, 0x42, 0xF0, 0x1D, 0xF0, 0x07, 0xF0, 0x01, 0xF0, 0x0B, 0xF0,
    0x26, 0xF0, 0x50, 0xF0, 0x8B, 0xF0, 0xD4, 0xF0, 0x2D, 0xF1, 0x95, 0xF1,
    0x0B, 0xF2, 0x90, 0xF2, 0x22, 0xF3, 0xC0, 0xF3, 0x6C, 0xF4, 0x23, 0xF5,
    0xE4, 0xF5, 0xB0, 0xF6, 0x86, 0xF7, 0x64, 0xF8, 0x49, 0xF9, 0x35, 0xFA,
    0x27, 0xFB, 0x1E, 0xFC, 0x19, 0xFD, 0x16, 0xFE, 0x16, 0xFF, 0x17, 0x00,
    0x17, 0x01, 0x17, 0x02, 0x14, 0x03, 0x0E, 0x04, 0x05, 0x05, 0xF6, 0x05,
    0xE1, 0x06, 0xC5, 0x07, 0xA1, 0x08, 0x75, 0x09, 0x3F, 0x0A, 0xFF, 0x0A,
    0xB4, 0x0B, 0x5D, 0x0C, 0xF9, 0x0C, 0x89, 0x0D, 0x0B, 0x0E, 0x7F, 0x0E,
    0xE4, 0x0E, 0x3A, 0x0F, 0x81, 0x0F, 0xB8, 0x0F, 0xE0, 0x0F, 0xF8, 0x0F,
    0xFF, 0x0F, 0xF7, 0x0F, 0xDE, 0x0F, 0xB5, 0x0F, 0x7D, 0x0F, 0x35, 0x0F,
    0xDE, 0x0E, 0x78, 0x0E, 0x03, 0x0E, 0x80, 0x0D, 0xF0, 0x0C, 0x52, 0x0C,
    0xA8, 0x0B, 0xF3, 0x0A, 0x32, 0x0A, 0x67, 0x09, 0x93, 0x08, 0xB6, 0x07,
    0xD1, 0x06, 0xE6, 0x05, 0xF5, 0x04, 0xFE, 0x03, 0x04, 0x03, 0x06, 0x02,
    0x07, 0x01, 0x06, 0x00, 0x06, 0xFF, 0x06, 0xFE, 0x08, 0xFD, 0x0E, 0xFC,
    0x17, 0xFB, 0x25, 0xFA, 0x3A, 0xF9, 0x54, 0xF8, 0x78, 0xF7, 0xA3, 0xF6,
    0xD8, 0xF5, 0x17, 0xF5, 0x60, 0xF4, 0xB6, 0xF3, 0x18, 0xF3, 0x87, 0xF2,
    0x03, 0xF2, 0x8E, 0xF1, 0x27, 0xF1, 0xCF, 0xF0, 0x86, 0xF0, 0x4D, 0xF0,
    0x24, 0xF0, 0x0A, 0xF0, 0x01, 0xF0, 0x08, 0xF0, 0x1E, 0xF0, 0x45, 0xF0,
    0x7C, 0xF0, 0xC2, 0xF0, 0x18, 0xF1, 0x7C, 0xF1, 0xEF, 0xF1, 0x71, 0xF2,
    0xFF, 0xF2, 0x9B, 0xF3, 0x44, 0xF4, 0xF8, 0xF4, 0xB8, 0xF5, 0x81, 0xF6,
    0x54, 0xF7, 0x30, 0xF8, 0x14, 0xF9, 0xFF, 0xF9, 0xEF, 0xFA, 0xE5, 0xFB,
    0xE0, 0xFC, 0xDD, 0xFD, 0xDC, 0xFE, 0xDD, 0xFF, 0xDD, 0x00, 0xDD, 0x01,
    0xDB, 0x02, 0xD6, 0x03, 0xCD, 0x04, 0xC0, 0x05, 0xAB, 0x06, 0x91, 0x07,
    0x70, 0x08, 0x45, 0x09, 0x12, 0x0A, 0xD4, 0x0A, 0x8C, 0x0B, 0x37, 0x0C,
    0xD7, 0x0C, 0x69, 0x0D, 0xEF, 0x0D, 0x66, 0x0E, 0xCE, 0x0E, 0x28, 0x0F,
    0x72, 0x0F, 0xAD, 0x0F, 0xD8, 0x0F, 0xF4, 0x0F, 0xFF, 0x0F, 0xFA, 0x0F,
    0xE5, 0x0F, 0xC0, 0x0F, 0x8B, 0x0F, 0x47, 0x0F, 0xF3, 0x0E, 0x90, 0x0E,
    0x1F, 0x0E, 0x9F, 0x0D, 0x11, 0x0D, 0x77, 0x0C, 0xD0, 0x0B, 0x1D, 0x0B,
    0x5F, 0x0A, 0x96, 0x09, 0xC4, 0x08, 0xE9, 0x07, 0x06, 0x07, 0x1C, 0x06,
    0x2C, 0x05, 0x37, 0x04, 0x3D, 0x03, 0x40, 0x02, 0x41, 0x01, 0x40, 0x00,
    0x40, 0xFF, 0x40, 0xFE, 0x42, 0xFD, 0x46, 0xFC, 0x4F, 0xFB, 0x5C, 0xFA,
    0x6F, 0xF9, 0x88, 0xF8, 0xA9, 0xF7, 0xD2, 0xF6, 0x05, 0xF6, 0x41, 0xF5,
    0x89, 0xF4, 0xDB, 0xF3, 0x3A, 0xF3, 0xA6, 0xF2, 0x20, 0xF2, 0xA7, 0xF1,
    0x3D, 0xF1, 0xE2, 0xF0, 0x95, 0xF0, 0x59, 0xF0, 0x2C, 0xF0, 0x0F, 0xF0,
    0x02, 0xF0, 0x05, 0xF0, 0x18, 0xF0, 0x3B, 0xF0, 0x6E, 0xF0, 0xB1, 0xF0,
    0x03, 0xF1, 0x64, 0xF1, 0xD4, 0xF1, 0x52, 0xF2, 0xDE, 0xF2, 0x77, 0xF3,
    0x1C, 0xF4, 0xCE, 0xF4, 0x8B, 0xF5, 0x52, 0xF6, 0x24, 0xF7, 0xFE, 0xF7,
    0xE0, 0xF8, 0xC9, 0xF9, 0xB9, 0xFA, 0xAD, 0xFB, 0xA7, 0xFC, 0xA3, 0xFD,
    0xA2, 0xFE, 0xA3, 0xFF, 0xA3, 0x00, 0xA3, 0x01, 0xA1, 0x02, 0x9D, 0x03,
    0x95, 0x04, 0x88, 0x05, 0x76, 0x06, 0x5E, 0x07, 0x3E, 0x08, 0x16, 0x09,
    0xE4, 0x09, 0xA9, 0x0A, 0x63, 0x0B, 0x12, 0x0C, 0xB4, 0x0C, 0x49, 0x0D,
    0xD2, 0x0D, 0x4C, 0x0E, 0xB8, 0x0E, 0x15, 0x0F, 0x63, 0x0F, 0xA1, 0x0F,
    0xD0, 0x0F, 0xEF, 0x0F, 0xFE, 0x0F, 0xFC, 0x0F, 0xEB, 0x0F, 0xCA, 0x0F,
    0x99, 0x0F, 0x58, 0x0F, 0x07, 0x0F, 0xA8, 0x0E, 0x39, 0x0E, 0xBD, 0x0D,
    0x33, 0x0D, 0x9B, 0x0C, 0xF7, 0x0B, 0x47, 0x0B, 0x8B, 0x0A, 0xC5, 0x09,
    0xF5, 0x08, 0x1C, 0x08, 0x3A, 0x07, 0x52, 0x06, 0x63, 0x05, 0x6F, 0x04,
    0x76, 0x03, 0x79, 0x02, 0x7B, 0x01, 0x7B, 0x00, 0x7B, 0xFF, 0x7A, 0xFE,
    0x7C, 0xFD, 0x80, 0xFC, 0x87, 0xFB, 0x93, 0xFA, 0xA4, 0xF9, 0xBC, 0xF8,
    0xDB, 0xF7, 0x02, 0xF7, 0x33, 0xF6, 0x6D, 0xF5, 0xB1, 0xF4, 0x02, 0xF4,
    0x5E, 0xF3, 0xC7, 0xF2, 0x3E, 0xF2, 0xC2, 0xF1, 0x54, 0xF1, 0xF5, 0xF0,
    0xA5, 0xF0, 0x65, 0xF0, 0x35, 0xF0, 0x14, 0xF0, 0x03, 0xF0, 0x03, 0xF0,
    0x12, 0xF0, 0x32, 0xF0, 0x61, 0xF0, 0xA0, 0xF0, 0xEF, 0xF0, 0x4C, 0xF1,
    0xB9, 0xF1, 0x34, 0xF2, 0xBD, 0xF2, 0x53, 0xF3, 0xF6, 0xF3, 0xA5, 0xF4,
    0x5F, 0xF5, 0x24, 0xF6, 0xF3, 0xF6, 0xCB, 0xF7, 0xAC, 0xF8, 0x94, 0xF9,
    0x82, 0xFA, 0x76, 0xFB, 0x6D, 0xFC, 0x69, 0xFD, 0x68, 0xFE, 0x68, 0xFF,
    0x68, 0x00, 0x69, 0x01, 0x68, 0x02, 0x64, 0x03, 0x5D, 0x04, 0x52, 0x05,
    0x41, 0x06, 0x2A, 0x07, 0x0C, 0x08, 0xE6, 0x08, 0xB6, 0x09, 0x7D, 0x0A,
    0x39, 0x0B, 0xEB, 0x0B, 0x90, 0x0C, 0x28, 0x0D, 0xB4, 0x0D, 0x31, 0x0E,
    0xA0, 0x0E, 0x01, 0x0F, 0x52, 0x0F, 0x94, 0x0F, 0xC7, 0x0F, 0xE9, 0x0F,
    0xFC, 0x0F, 0xFE, 0x0F, 0xF0, 0x0F, 0xD3, 0x0F, 0xA5, 0x0F, 0x68, 0x0F,
    0x1B, 0x0F, 0xBF, 0x0E, 0x54, 0x0E, 0xDB, 0x0D, 0x54, 0x0D, 0xBF, 0x0C,
    0x1D, 0x0C, 0x70, 0x0B, 0xB6, 0x0A, 0xF2, 0x09, 0x24, 0x09, 0x4D, 0x08,
    0x6E, 0x07, 0x87, 0x06, 0x9A, 0x05, 0xA7, 0x04, 0xAF, 0x03, 0xB4, 0x02,
    0xB5, 0x01, 0xB5, 0x00, 0xB5, 0xFF, 0xB4, 0xFE, 0xB5, 0xFD, 0xB8, 0xFC,
    0xBF, 0xFB, 0xCA, 0xFA, 0xDA, 0xF9, 0xF0, 0xF8, 0x0D, 0xF8, 0x33, 0xF7,
    0x61, 0xF6, 0x99, 0xF5, 0xDB, 0xF4, 0x29, 0xF4, 0x82, 0xF3, 0xE8, 0xF2,
    0x5B, 0xF2, 0xDC, 0xF1, 0x6B, 0xF1, 0x09, 0xF1, 0xB6, 0xF0, 0x72, 0xF0,
    0x3E, 0xF0, 0x1A, 0xF0, 0x06, 0xF0, 0x01, 0xF0, 0x0D, 0xF0, 0x29, 0xF0,
    0x55, 0xF0, 0x90, 0xF0, 0xDC, 0xF0, 0x36, 0xF1, 0x9F, 0xF1, 0x17, 0xF2,
    0x9C, 0xF2, 0x30, 0xF3, 0xD0, 0xF3, 0x7C, 0xF4, 0x34, 0xF5, 0xF7, 0xF5,
    0xC4, 0xF6, 0x9A, 0xF7, 0x78, 0xF8, 0x5E, 0xF9, 0x4B, 0xFA, 0x3D, 0xFB,
    0x35, 0xFC, 0x30, 0xFD, 0x2E, 0xFE, 0x2E, 0xFF, 0x2E, 0x00, 0x2F, 0x01,
    0x2E, 0x02, 0x2B, 0x03, 0x25, 0x04, 0x1B, 0x05, 0x0B, 0x06, 0xF5, 0x06,
    0xD9, 0x07, 0xB4, 0x08, 0x87, 0x09, 0x51, 0x0A, 0x10, 0x0B, 0xC4, 0x0B,
    0x6C, 0x0C, 0x07, 0x0D, 0x95, 0x0D, 0x16, 0x0E, 0x89, 0x0E, 0xEC, 0x0E,
    0x41, 0x0F, 0x87, 0x0F, 0xBD, 0x0F, 0xE3, 0x0F, 0xF9, 0x0F, 0xFF, 0x0F,
    0xF5, 0x0F, 0xDB, 0x0F, 0xB1, 0x0F, 0x77, 0x0F, 0x2E, 0x0F, 0xD5, 0x0E,
    0x6E, 0x0E, 0xF7, 0x0D, 0x73, 0x0D, 0xE2, 0x0C, 0x43, 0x0C, 0x98, 0x0B,
    0xE1, 0x0A, 0x20, 0x0A, 0x55, 0x09, 0x80, 0x08, 0xA2, 0x07, 0xBD, 0x06,
    0xD0, 0x05, 0xDF, 0x04, 0xE8, 0x03, 0xED, 0x02, 0xEF, 0x01, 0xEF, 0x00,
    0xEF, 0xFF, 0xEE, 0xFE, 0xEF, 0xFD, 0xF1, 0xFC, 0xF7, 0xFB, 0x01, 0xFB,
    0x10, 0xFA, 0x25, 0xF9, 0x41, 0xF8, 0x64, 0xF7, 0x90, 0xF6, 0xC6, 0xF5,
    0x05, 0xF5, 0x50, 0xF4, 0xA7, 0xF3, 0x0A, 0xF3, 0x7A, 0xF2, 0xF8, 0xF1,
    0x84, 0xF1, 0x1E, 0xF1, 0xC8, 0xF0, 0x80, 0xF0, 0x49, 0xF0, 0x21, 0xF0,
    0x09, 0xF0, 0x01, 0xF0, 0x09, 0xF0, 0x21, 0xF0, 0x4A, 0xF0, 0x82, 0xF0,
    0xC9, 0xF0, 0x20, 0xF1, 0x86, 0xF1, 0xFA, 0xF1, 0x7D, 0xF2, 0x0D, 0xF3,
    0xAA, 0xF3, 0x53, 0xF4, 0x09, 0xF5, 0xC9, 0xF5, 0x94, 0xF6, 0x68, 0xF7,
    0x45, 0xF8, 0x29, 0xF9, 0x15, 0xFA, 0x06, 0xFB, 0xFC, 0xFB, 0xF7, 0xFC,
    0xF4, 0xFD, 0xF4, 0xFE, 0xF4, 0xFF, 0xF5, 0x00, 0xF4, 0x01, 0xF1, 0x02,
    0xEC, 0x03, 0xE3, 0x04, 0xD5, 0x05, 0xC1, 0x06, 0xA6, 0x07, 0x83, 0x08,
    0x58, 0x09, 0x24, 0x0A, 0xE5, 0x0A, 0x9C, 0x0B, 0x47, 0x0C, 0xE5, 0x0C,
    0x76, 0x0D, 0xFA, 0x0D, 0x70, 0x0E, 0xD7, 0x0E, 0x2F, 0x0F, 0x78, 0x0F,
    0xB2, 0x0F, 0xDB, 0x0F, 0xF5, 0x0F, 0xFF, 0x0F, 0xF9, 0x0F, 0xE2, 0x0F,
    0xBC, 0x0F, 0x85, 0x0F, 0x40, 0x0F, 0xEA, 0x0E, 0x86, 0x0E, 0x13, 0x0E,
    0x93, 0x0D, 0x04, 0x0D, 0x69, 0x0C, 0xC0, 0x0B, 0x0C, 0x0B, 0x4D, 0x0A,
    0x84, 0x09, 0xB0, 0x08, 0xD5, 0x07, 0xF1, 0x06, 0x06, 0x06, 0x16, 0x05,
    0x20, 0x04, 0x26, 0x03, 0x29, 0x02, 0x29, 0x01, 0x2A, 0x00, 0x29, 0xFF,
    0x29, 0xFE, 0x2B, 0xFD, 0x30, 0xFC, 0x39, 0xFB, 0x46, 0xFA, 0x5A, 0xF9,
    0x74, 0xF8, 0x95, 0xF7, 0xBF, 0xF6, 0xF3, 0xF5, 0x30, 0xF5, 0x78, 0xF4,
    0xCC, 0xF3, 0x2C, 0xF3, 0x9A, 0xF2, 0x14, 0xF2, 0x9D, 0xF1, 0x34, 0xF1,
    0xDA, 0xF0, 0x8F, 0xF0, 0x54, 0xF0, 0x28, 0xF0, 0x0D, 0xF0, 0x01, 0xF0,
    0x06, 0xF0, 0x1A, 0xF0, 0x3F, 0xF0, 0x74, 0xF0, 0xB8, 0xF0, 0x0B, 0xF1,
    0x6D, 0xF1, 0xDF, 0xF1, 0x5E, 0xF2, 0xEB, 0xF2, 0x85, 0xF3, 0x2C, 0xF4,
    0xDF, 0xF4, 0x9D, 0xF5, 0x65, 0xF6, 0x37, 0xF7, 0x12, 0xF8, 0xF5, 0xF8,
    0xDF, 0xF9, 0xCF, 0xFA, 0xC4, 0xFB, 0xBE, 0xFC, 0xBA, 0xFD, 0xB9, 0xFE,
    0xB9, 0xFF, 0xBA, 0x00, 0xBA, 0x01, 0xB8, 0x02, 0xB4, 0x03, 0xAC, 0x04,
    0x9F, 0x05, 0x8C, 0x06, 0x73, 0x07, 0x52, 0x08, 0x29, 0x09, 0xF7, 0x09,
    0xBB, 0x0A, 0x74, 0x0B, 0x20, 0x0C, 0xC2, 0x0C, 0x56, 0x0D, 0xDD, 0x0D,
    0x56, 0x0E, 0xC1, 0x0E, 0x1D, 0x0F, 0x69, 0x0F, 0xA6, 0x0F, 0xD3, 0x0F,
    0xF1, 0x0F, 0xFE, 0x0F, 0xFC, 0x0F, 0xE9, 0x0F, 0xC6, 0x0F, 0x93, 0x0F,
    0x51, 0x0F, 0xFF, 0x0E, 0x9E, 0x0E, 0x2F, 0x0E, 0xB1, 0x0D, 0x26, 0x0D,
    0x8D, 0x0C, 0xE8, 0x0B, 0x36, 0x0B, 0x79, 0x0A, 0xB2, 0x09, 0xE1, 0x08,
    0x07, 0x08, 0x25, 0x07, 0x3C, 0x06, 0x4D, 0x05, 0x59, 0x04, 0x60, 0x03,
    0x63, 0x02, 0x64, 0x01, 0x64, 0x00, 0x63, 0xFF, 0x63, 0xFE, 0x64, 0xFD,
    0x69, 0xFC, 0x70, 0xFB, 0x7D, 0xFA, 0x8F, 0xF9, 0xA7, 0xF8, 0xC7, 0xF7,
    0xEF, 0xF6, 0x21, 0xF6, 0x5C, 0xF5, 0xA1, 0xF4, 0xF3, 0xF3, 0x50, 0xF3,
    0xBA, 0xF2, 0x32, 0xF2, 0xB7, 0xF1, 0x4B, 0xF1, 0xED, 0xF0, 0x9F, 0xF0,
    0x60, 0xF0, 0x31, 0xF0, 0x12, 0xF0, 0x03, 0xF0, 0x03, 0xF0, 0x14, 0xF0,
    0x35, 0xF0, 0x66, 0xF0, 0xA7, 0xF0, 0xF7, 0xF0, 0x56, 0xF1, 0xC4, 0xF1,
    0x40, 0xF2, 0xCA, 0xF2, 0x61, 0xF3, 0x05, 0xF4, 0xB5, 0xF4, 0x71, 0xF5,
    0x37, 0xF6, 0x07, 0xF7, 0xE0, 0xF7, 0xC0, 0xF8, 0xA9, 0xF9, 0x97, 0xFA,
    0x8B, 0xFB, 0x84, 0xFC, 0x80, 0xFD, 0x7F, 0xFE, 0x7F, 0xFF, 0x80, 0x00,
    0x80, 0x01, 0x7F, 0x02, 0x7B, 0x03, 0x74, 0x04, 0x68, 0x05, 0x57, 0x06,
    0x3F, 0x07, 0x20, 0x08, 0xF9, 0x08, 0xC8, 0x09, 0x8F, 0x0A, 0x4A, 0x0B,
    0xFA, 0x0B, 0x9E, 0x0C, 0x36, 0x0D, 0xC0, 0x0D, 0x3C, 0x0E, 0xAA, 0x0E,
    0x09, 0x0F, 0x59, 0x0F, 0x9A, 0x0F, 0xCB, 0x0F, 0xEC, 0x0F, 0xFD, 0x0F,
    0xFE, 0x0F, 0xEE, 0x0F, 0xCF, 0x0F, 0xA0, 0x0F, 0x61, 0x0F, 0x13, 0x0F,
    0xB6, 0x0E, 0x4A, 0x0E, 0xCF, 0x0D, 0x46, 0x0D, 0xB1, 0x0C, 0x0E, 0x0C,
    0x5F, 0x0B, 0xA5, 0x0A, 0xE1, 0x09, 0x12, 0x09, 0x3A, 0x08, 0x5A, 0x07,
    0x72, 0x06, 0x84, 0x05, 0x91, 0x04, 0x98, 0x03, 0x9C, 0x02, 0x9E, 0x01,
    0x9E, 0x00, 0x9D, 0xFF, 0x9D, 0xFE, 0x9E, 0xFD, 0xA1, 0xFC, 0xA8, 0xFB,
    0xB4, 0xFA, 0xC5, 0xF9, 0xDC, 0xF8, 0xFA, 0xF7, 0x20, 0xF7, 0x4F, 0xF6,
    0x87, 0xF5, 0xCB, 0xF4, 0x19, 0xF4, 0x74, 0xF3, 0xDB, 0xF2, 0x4F, 0xF2,
    0xD1, 0xF1, 0x62, 0xF1, 0x01, 0xF1, 0xAF, 0xF0, 0x6D, 0xF0, 0x3A, 0xF0,
    0x17, 0xF0, 0x05, 0xF0, 0x02, 0xF0, 0x0F, 0xF0, 0x2C, 0xF0, 0x5A, 0xF0,
    0x97, 0xF0, 0xE3, 0xF0, 0x3F, 0xF1, 0xAA, 0xF1, 0x22, 0xF2, 0xA9, 0xF2,
    0x3E, 0xF3, 0xDF, 0xF3, 0x8C, 0xF4, 0x45, 0xF5, 0x09, 0xF6, 0xD6, 0xF6,
    0xAD, 0xF7, 0x8D, 0xF8, 0x73, 0xF9, 0x61, 0xFA, 0x54, 0xFB, 0x4B, 0xFC,
    0x47, 0xFD, 0x45, 0xFE, 0x45, 0xFF, 0x46, 0x00, 0x46, 0x01, 0x45, 0x02,
    0x41, 0x03, 0x3B, 0x04, 0x31, 0x05, 0x21, 0x06, 0x0A, 0x07, 0xED, 0x07,
    0xC8, 0x08, 0x9A, 0x09, 0x63, 0x0A, 0x21, 0x0B, 0xD3, 0x0B, 0x7A, 0x0C,
    0x15, 0x0D, 0xA2, 0x0D, 0x21, 0x0E, 0x92, 0x0E, 0xF5, 0x0E, 0x48, 0x0F,
    0x8C, 0x0F, 0xC1, 0x0F, 0xE5, 0x0F, 0xFA, 0x0F, 0xFF, 0x0F, 0xF3, 0x0F,
    0xD8, 0x0F, 0xAC, 0x0F, 0x71, 0x0F, 0x26, 0x0F, 0xCC, 0x0E, 0x63, 0x0E,
    0xEC, 0x0D, 0x67, 0x0D, 0xD4, 0x0C, 0x34, 0x0C, 0x88, 0x0B, 0xD1, 0x0A,
    0x0E, 0x0A, 0x41, 0x09, 0x6B, 0x08, 0x8D, 0x07, 0xA7, 0x06, 0xBA, 0x05,
    0xC8, 0x04, 0xD1, 0x03, 0xD6, 0x02, 0xD8, 0x01, 0xD8, 0x00, 0xD7, 0xFF,
    0xD7, 0xFE, 0xD8, 0xFD, 0xDB, 0xFC, 0xE1, 0xFB, 0xEB, 0xFA, 0xFA, 0xF9,
    0x10, 0xF9, 0x2C, 0xF8, 0x50, 0xF7, 0x7D, 0xF6, 0xB3, 0xF5, 0xF4, 0xF4,
    0x40, 0xF4, 0x98, 0xF3, 0xFC, 0xF2, 0x6E, 0xF2, 0xED, 0xF1, 0x7A, 0xF1,
    0x16, 0xF1, 0xC1, 0xF0, 0x7B, 0xF0, 0x44, 0xF0, 0x1E, 0xF0, 0x07, 0xF0,
    0x01, 0xF0, 0x0B, 0xF0, 0x24, 0xF0, 0x4E, 0xF0, 0x87, 0xF0, 0xD1, 0xF0,
    0x29, 0xF1, 0x90, 0xF1, 0x05, 0xF2, 0x89, 0xF2, 0x1B, 0xF3, 0xB9, 0xF3,
    0x64, 0xF4, 0x1A, 0xF5, 0xDB, 0xF5, 0xA7, 0xF6, 0x7C, 0xF7, 0x59, 0xF8,
    0x3E, 0xF9, 0x2A, 0xFA, 0x1C, 0xFB, 0x13, 0xFC, 0x0E, 0xFD, 0x0B, 0xFE,
    0x0A, 0xFF, 0x0B, 0x00, 0x0C, 0x01, 0x0B, 0x02, 0x09, 0x03, 0x03, 0x04,
    0xF9, 0x04, 0xEB, 0x05, 0xD6, 0x06, 0xBB, 0x07, 0x97, 0x08, 0x6C, 0x09,
    0x36, 0x0A, 0xF7, 0x0A, 0xAC, 0x0B, 0x55, 0x0C, 0xF2, 0x0C, 0x83, 0x0D,
    0x05, 0x0E, 0x7A, 0x0E, 0xE0, 0x0E, 0x37, 0x0F, 0x7E, 0x0F, 0xB6, 0x0F,
    0xDF, 0x0F, 0xF7, 0x0F, 0xFF, 0x0F, 0xF7, 0x0F, 0xDF, 0x0F, 0xB7, 0x0F,
    0x80, 0x0F, 0x39, 0x0F, 0xE2, 0x0E, 0x7D, 0x0E, 0x09, 0x0E, 0x86, 0x0D,
    0xF6, 0x0C, 0x5A, 0x0C, 0xB0, 0x0B, 0xFB, 0x0A, 0x3B, 0x0A, 0x71, 0x09,
    0x9D, 0x08, 0xC0, 0x07, 0xDC, 0x06, 0xF1, 0x05, 0xFF, 0x04, 0x0A, 0x04,
    0x0F, 0x03, 0x12, 0x02, 0x13, 0x01, 0x12, 0x00, 0x11, 0xFF, 0x12, 0xFE,
    0x14, 0xFD, 0x19, 0xFC, 0x22, 0xFB, 0x30, 0xFA, 0x44, 0xF9, 0x5F, 0xF8,
    0x81, 0xF7, 0xAC, 0xF6, 0xE0, 0xF5, 0x1F, 0xF5, 0x68, 0xF4, 0xBD, 0xF3,
    0x1F, 0xF3, 0x8D, 0xF2, 0x09, 0xF2, 0x93, 0xF1, 0x2B, 0xF1, 0xD3, 0xF0,
    0x89, 0xF0, 0x4F, 0xF0, 0x25, 0xF0, 0x0B, 0xF0, 0x01, 0xF0, 0x07, 0xF0,
    0x1D, 0xF0, 0x43, 0xF0, 0x79, 0xF0, 0xBE, 0xF0, 0x13, 0xF1, 0x77, 0xF1,
    0xEA, 0xF1, 0x6A, 0xF2, 0xF9, 0xF2, 0x94, 0xF3, 0x3C, 0xF4, 0xF0, 0xF4,
    0xAF, 0xF5, 0x78, 0xF6, 0x4B, 0xF7, 0x27, 0xF8, 0x09, 0xF9, 0xF4, 0xF9,
    0xE4, 0xFA, 0xDA, 0xFB, 0xD4, 0xFC, 0xD1, 0xFD, 0xD0, 0xFE, 0xD1, 0xFF,
    0xD1, 0x00, 0xD1, 0x01, 0xCF, 0x02, 0xCB, 0x03, 0xC2, 0x04, 0xB5, 0x05,
    0xA1, 0x06, 0x88, 0x07, 0x66, 0x08, 0x3C, 0x09, 0x09, 0x0A, 0xCB, 0x0A,
    0x83, 0x0B, 0x30, 0x0C, 0xD0, 0x0C, 0x63, 0x0D, 0xE9, 0x0D, 0x60, 0x0E,
    0xCA, 0x0E, 0x24, 0x0F, 0x6F, 0x0F, 0xAB, 0x0F, 0xD7, 0x0F, 0xF3, 0x0F,
    0xFF, 0x0F, 0xFA, 0x0F, 0xE6, 0x0F, 0xC2, 0x0F, 0x8E, 0x0F, 0x4A, 0x0F,
    0xF7, 0x0E, 0x95, 0x0E, 0x24, 0x0E, 0xA5, 0x0D, 0x18, 0x0D, 0x7E, 0x0C,
    0xD8, 0x0B, 0x25, 0x0B, 0x67, 0x0A, 0x9F, 0x09, 0xCE, 0x08, 0xF3, 0x07,
    0x11, 0x07, 0x27, 0x06, 0x37, 0x05, 0x42, 0x04, 0x48, 0x03, 0x4C, 0x02,
    0x4D, 0x01, 0x4C, 0x00, 0x4B, 0xFF, 0x4B, 0xFE, 0x4D, 0xFD, 0x52, 0xFC,
    0x5A, 0xFB, 0x67, 0xFA, 0x7A, 0xF9, 0x93, 0xF8, 0xB3, 0xF7, 0xDC, 0xF6,
    0x0E, 0xF6, 0x4A, 0xF5, 0x91, 0xF4, 0xE3, 0xF3, 0x42, 0xF3, 0xAD, 0xF2,
    0x26, 0xF2, 0xAC, 0xF1, 0x41, 0xF1, 0xE5, 0xF0, 0x98, 0xF0, 0x5B, 0xF0,
    0x2D, 0xF0, 0x10, 0xF0, 0x02, 0xF0, 0x04, 0xF0, 0x17, 0xF0, 0x39, 0xF0,
    0x6B, 0xF0, 0xAD, 0xF0, 0xFF, 0xF0, 0x5F, 0xF1, 0xCE, 0xF1, 0x4C, 0xF2,
    0xD7, 0xF2, 0x70, 0xF3, 0x15, 0xF4, 0xC6, 0xF4, 0x82, 0xF5, 0x49, 0xF6,
    0x1A, 0xF7, 0xF3, 0xF7, 0xD5, 0xF8, 0xBE, 0xF9, 0xAD, 0xFA, 0xA2, 0xFB,
    0x9B, 0xFC, 0x98, 0xFD, 0x96, 0xFE, 0x97, 0xFF, 0x98, 0x00, 0x98, 0x01,
    0x96, 0x02, 0x91, 0x03, 0x8A, 0x04, 0x7D, 0x05, 0x6C, 0x06, 0x53, 0x07,
    0x34, 0x08, 0x0C, 0x09, 0xDB, 0x09, 0xA0, 0x0A, 0x5B, 0x0B, 0x0A, 0x0C,
    0xAD, 0x0C, 0x43, 0x0D, 0xCC, 0x0D, 0x47, 0x0E, 0xB3, 0x0E, 0x11, 0x0F,
    0x5F, 0x0F, 0x9F, 0x0F, 0xCE, 0x0F, 0xEE, 0x0F, 0xFD, 0x0F, 0xFD, 0x0F,
    0xEC, 0x0F, 0xCC, 0x0F, 0x9B, 0x0F, 0x5B, 0x0F, 0x0B, 0x0F, 0xAC, 0x0E,
    0x3F, 0x0E, 0xC3, 0x0D, 0x39, 0x0D, 0xA3, 0x0C, 0xFF, 0x0B, 0x4F, 0x0B,
    0x94, 0x0A, 0xCE, 0x09, 0xFE, 0x08, 0x26, 0x08, 0x45, 0x07, 0x5C, 0x06,
    0x6E, 0x05, 0x7A, 0x04, 0x81, 0x03, 0x85, 0x02, 0x86, 0x01, 0x86, 0x00,
    0x85, 0xFF, 0x86, 0xFE, 0x87, 0xFD, 0x8B, 0xFC, 0x92, 0xFB, 0x9E, 0xFA,
    0xAF, 0xF9, 0xC7, 0xF8, 0xE5, 0xF7, 0x0C, 0xF7, 0x3C, 0xF6, 0x75, 0xF5,
    0xBA, 0xF4, 0x09, 0xF4, 0x65, 0xF3, 0xCD, 0xF2, 0x43, 0xF2, 0xC7, 0xF1,
    0x59, 0xF1, 0xF9, 0xF0, 0xA9, 0xF0, 0x68, 0xF0, 0x36, 0xF0, 0x15, 0xF0,
    0x04, 0xF0, 0x02, 0xF0, 0x11, 0xF0, 0x30, 0xF0, 0x5F, 0xF0, 0x9D, 0xF0,
    0xEB, 0xF0, 0x48, 0xF1, 0xB4, 0xF1, 0x2E, 0xF2, 0xB6, 0xF2, 0x4C, 0xF3,
    0xEE, 0xF3, 0x9C, 0xF4, 0x56, 0xF5, 0x1B, 0xF6, 0xEA, 0xF6, 0xC1, 0xF7,
    0xA1, 0xF8, 0x89, 0xF9, 0x77, 0xFA, 0x6A, 0xFB, 0x62, 0xFC, 0x5E, 0xFD,
    0x5D, 0xFE, 0x5C, 0xFF, 0x5D, 0x00, 0x5D, 0x01, 0x5C, 0x02, 0x59, 0x03,
    0x52, 0x04, 0x47, 0x05, 0x36, 0x06, 0x20, 0x07, 0x02, 0x08, 0xDC, 0x08,
    0xAD, 0x09, 0x75, 0x0A, 0x31, 0x0B, 0xE3, 0x0B, 0x89, 0x0C, 0x22, 0x0D,
    0xAE, 0x0D, 0x2C, 0x0E, 0x9C, 0x0E, 0xFD, 0x0E, 0x4F, 0x0F, 0x92, 0x0F,
    0xC5, 0x0F, 0xE8, 0x0F, 0xFB, 0x0F, 0xFE, 0x0F, 0xF1, 0x0F, 0xD4, 0x0F,
    0xA7, 0x0F, 0x6B, 0x0F, 0x1F, 0x0F, 0xC4, 0x0E, 0x59, 0x0E, 0xE1, 0x0D,
    0x5A, 0x0D, 0xC6, 0x0C, 0x25, 0x0C, 0x78, 0x0B, 0xBF, 0x0A, 0xFC, 0x09,
    0x2E, 0x09, 0x57, 0x08, 0x78, 0x07, 0x92, 0x06, 0xA5, 0x05, 0xB2, 0x04,
    0xBB, 0x03, 0xBF, 0x02, 0xC1, 0x01, 0xC1, 0x00, 0xC0, 0xFF, 0xC0, 0xFE,
    0xC1, 0xFD, 0xC4, 0xFC, 0xCA, 0xFB, 0xD5, 0xFA, 0xE5, 0xF9, 0xFA, 0xF8,
    0x18, 0xF8, 0x3C, 0xF7, 0x6A, 0xF6, 0xA1, 0xF5, 0xE4, 0xF4, 0x31, 0xF4,
    0x8A, 0xF3, 0xEF, 0xF2, 0x62, 0xF2, 0xE2, 0xF1, 0x70, 0xF1, 0x0D, 0xF1,
    0xBA, 0xF0, 0x75, 0xF0, 0x40, 0xF0, 0x1B, 0xF0, 0x06, 0xF0, 0x01, 0xF0,
    0x0C, 0xF0, 0x28, 0xF0, 0x52, 0xF0, 0x8D, 0xF0, 0xD8, 0xF0, 0x31, 0xF1,
    0x9A, 0xF1, 0x11, 0xF2, 0x96, 0xF2, 0x29, 0xF3, 0xC8, 0xF3, 0x74, 0xF4,
    0x2B, 0xF5, 0xEE, 0xF5, 0xBA, 0xF6, 0x90, 0xF7, 0x6E, 0xF8, 0x54, 0xF9,
    0x40, 0xFA, 0x32, 0xFB, 0x29, 0xFC, 0x24, 0xFD, 0x22, 0xFE, 0x22, 0xFF,
    0x23, 0x00, 0x23, 0x01, 0x22, 0x02, 0x20, 0x03, 0x1A, 0x04, 0x10, 0x05,
    0x01, 0x06, 0xEB, 0x06, 0xCF, 0x07, 0xAB, 0x08, 0x7E, 0x09, 0x48, 0x0A,
    0x07, 0x0B, 0xBC, 0x0B, 0x64, 0x0C, 0x00, 0x0D, 0x8F, 0x0D, 0x10, 0x0E,
    0x84, 0x0E, 0xE8, 0x0E, 0x3E, 0x0F, 0x84, 0x0F, 0xBB, 0x0F, 0xE1, 0x0F,
    0xF8, 0x0F, 0xFF, 0x0F, 0xF6, 0x0F, 0xDC, 0x0F, 0xB3, 0x0F, 0x7A, 0x0F,
    0x31, 0x0F, 0xD9, 0x0E, 0x73, 0x0E, 0xFD, 0x0D, 0x7A, 0x0D, 0xE9, 0x0C,
    0x4B, 0x0C, 0xA0, 0x0B, 0xEA, 0x0A, 0x29, 0x0A, 0x5E, 0x09, 0x8A, 0x08,
    0xAC, 0x07, 0xC7, 0x06, 0xDB, 0x05, 0xEA, 0x04, 0xF3, 0x03, 0xF8, 0x02,
    0xFB, 0x01, 0xFB, 0x00, 0xFB, 0xFF, 0xFA, 0xFE, 0xFA, 0xFD, 0xFD, 0xFC,
    0x02, 0xFC, 0x0C, 0xFB, 0x1A, 0xFA, 0x30, 0xF9, 0x4B, 0xF8, 0x6E, 0xF7,
    0x9A, 0xF6, 0xCF, 0xF5, 0x0E, 0xF5, 0x58, 0xF4, 0xAE, 0xF3, 0x11, 0xF3,
    0x80, 0xF2, 0xFE, 0xF1, 0x89, 0xF1, 0x22, 0xF1, 0xCB, 0xF0, 0x83, 0xF0,
    0x4B, 0xF0, 0x22, 0xF0, 0x0A, 0xF0, 0x01, 0xF0, 0x08, 0xF0, 0x20, 0xF0,
    0x47, 0xF0, 0x7F, 0xF0, 0xC6, 0xF0, 0x1C, 0xF1, 0x81, 0xF1, 0xF5, 0xF1,
    0x77, 0xF2, 0x06, 0xF3, 0xA3, 0xF3, 0x4C, 0xF4, 0x01, 0xF5, 0xC0, 0xF5,
    0x8A, 0xF6, 0x5E, 0xF7, 0x3A, 0xF8, 0x1F, 0xF9, 0x0A, 0xFA, 0xFB, 0xFA,
    0xF1, 0xFB, 0xEB, 0xFC, 0xE8, 0xFD, 0xE8, 0xFE, 0xE8, 0xFF, 0xE9, 0x00,
    0xE9, 0x01, 0xE6, 0x02, 0xE1, 0x03, 0xD8, 0x04, 0xCA, 0x05, 0xB6, 0x06,
    0x9C, 0x07, 0x7A, 0x08, 0x4F, 0x09, 0x1B, 0x0A, 0xDD, 0x0A, 0x94, 0x0B,
    0x3F, 0x0C, 0xDE, 0x0C, 0x70, 0x0D, 0xF4, 0x0D, 0x6B, 0x0E, 0xD3, 0x0E,
    0x2C, 0x0F, 0x75, 0x0F, 0xB0, 0x0F, 0xDA, 0x0F, 0xF4, 0x0F, 0xFF, 0x0F,
    0xF9, 0x0F, 0xE4, 0x0F, 0xBE, 0x0F, 0x88, 0x0F, 0x43, 0x0F, 0xEF, 0x0E,
    0x8B, 0x0E, 0x19, 0x0E, 0x99, 0x0D, 0x0B, 0x0D, 0x70, 0x0C, 0xC8, 0x0B,
    0x15, 0x0B, 0x56, 0x0A, 0x8D, 0x09, 0xBA, 0x08, 0xDF, 0x07, 0xFC, 0x06,
    0x11, 0x06, 0x21, 0x05, 0x2B, 0x04, 0x31, 0x03, 0x34, 0x02, 0x35, 0x01,
    0x35, 0x00, 0x34, 0xFF, 0x35, 0xFE, 0x37, 0xFD, 0x3B, 0xFC, 0x44, 0xFB,
    0x51, 0xFA, 0x64, 0xF9, 0x7E, 0xF8, 0x9F, 0xF7, 0xC9, 0xF6, 0xFC, 0xF5,
    0x39, 0xF5, 0x80, 0xF4, 0xD4, 0xF3, 0x33, 0xF3, 0xA0, 0xF2, 0x1A, 0xF2,
    0xA2, 0xF1, 0x39, 0xF1, 0xDE, 0xF0, 0x92, 0xF0, 0x56, 0xF0, 0x2A, 0xF0,
    0x0E, 0xF0, 0x01, 0xF0, 0x05, 0xF0, 0x19, 0xF0, 0x3D, 0xF0, 0x71, 0xF0,
    0xB4, 0xF0, 0x07, 0xF1, 0x69, 0xF1, 0xD9, 0xF1, 0x58, 0xF2, 0xE4, 0xF2,
    0x7E, 0xF3, 0x24, 0xF4, 0xD6, 0xF4, 0x94, 0xF5, 0x5C, 0xF6, 0x2D, 0xF7,
    0x08, 0xF8, 0xEA, 0xF8, 0xD4, 0xF9, 0xC4, 0xFA, 0xB9, 0xFB, 0xB2, 0xFC,
    0xAF, 0xFD, 0xAE, 0xFE, 0xAE, 0xFF, 0xAE, 0x00, 0xAE, 0x01, 0xAD, 0x02,
    0xA8, 0x03, 0xA0, 0x04, 0x94, 0x05, 0x81, 0x06, 0x68, 0x07, 0x48, 0x08,
    0x1F, 0x09, 0xEE, 0x09, 0xB2, 0x0A, 0x6B, 0x0B, 0x19, 0x0C, 0xBB, 0x0C,
    0x50, 0x0D, 0xD7, 0x0D, 0x51, 0x0E, 0xBC, 0x0E, 0x19, 0x0F, 0x66, 0x0F,
    0xA4, 0x0F, 0xD2, 0x0F, 0xF0, 0x0F, 0xFE, 0x0F, 0xFC, 0x0F, 0xEA, 0x0F,
    0xC8, 0x0F, 0x96, 0x0F, 0x54, 0x0F, 0x03, 0x0F, 0xA3, 0x0E, 0x34, 0x0E,
    0xB7, 0x0D, 0x2C, 0x0D, 0x94, 0x0C, 0xEF, 0x0B, 0x3E, 0x0B, 0x82, 0x0A,
    0xBB, 0x09, 0xEB, 0x08, 0x11, 0x08, 0x30, 0x07, 0x47, 0x06, 0x58, 0x05,
    0x63, 0x04, 0x6B, 0x03, 0x6F, 0x02, 0x70, 0x01, 0x70, 0x00, 0x6F, 0xFF,
    0x6F, 0xFE, 0x70, 0xFD, 0x74, 0xFC, 0x7C, 0xFB, 0x88, 0xFA, 0x99, 0xF9,
    0xB1, 0xF8, 0xD1, 0xF7, 0xF9, 0xF6, 0x29, 0xF6, 0x64, 0xF5, 0xAA, 0xF4,
    0xFA, 0xF3, 0x57, 0xF3, 0xC1, 0xF2, 0x37, 0xF2, 0xBC, 0xF1, 0x4F, 0xF1,
    0xF1, 0xF0, 0xA2, 0xF0, 0x62, 0xF0, 0x33, 0xF0, 0x13, 0xF0, 0x03, 0xF0,
    0x03, 0xF0, 0x13, 0xF0, 0x34, 0xF0, 0x64, 0xF0, 0xA3, 0xF0, 0xF3, 0xF0,
    0x51, 0xF1, 0xBE, 0xF1, 0x3A, 0xF2, 0xC3, 0xF2, 0x5A, 0xF3, 0xFD, 0xF3,
    0xAD, 0xF4, 0x68, 0xF5, 0x2E, 0xF6, 0xFD, 0xF6, 0xD6, 0xF7, 0xB6, 0xF8,
    0x9E, 0xF9, 0x8C, 0xFA, 0x80, 0xFB, 0x79, 0xFC, 0x75, 0xFD, 0x73, 0xFE,
    0x73, 0xFF, 0x74, 0x00, 0x74, 0x01, 0x73, 0x02, 0x70, 0x03, 0x69, 0x04,
    0x5D, 0x05, 0x4C, 0x06, 0x35, 0x07, 0x16, 0x08, 0xEF, 0x08, 0xBF, 0x09,
    0x86, 0x0A, 0x42, 0x0B, 0xF2, 0x0B, 0x97, 0x0C, 0x2F, 0x0D, 0xBA, 0x0D,
    0x37, 0x0E, 0xA5, 0x0E, 0x05, 0x0F, 0x56, 0x0F, 0x97, 0x0F, 0xC9, 0x0F,
    0xEA, 0x0F, 0xFC, 0x0F, 0xFE, 0x0F, 0xEF, 0x0F, 0xD1, 0x0F, 0xA3, 0x0F,
    0x65, 0x0F, 0x17, 0x0F, 0xBA, 0x0E, 0x4F, 0x0E, 0xD5, 0x0D, 0x4D, 0x0D,
    0xB8, 0x0C, 0x16, 0x0C, 0x68, 0x0B, 0xAE, 0x0A, 0xE9, 0x09, 0x1B, 0x09,
    0x43, 0x08, 0x64, 0x07, 0x7D, 0x06, 0x8F, 0x05, 0x9C, 0x04, 0xA4, 0x03,
    0xA8, 0x02, 0xAA, 0x01, 0xAA, 0x00, 0xA9, 0xFF, 0xA8, 0xFE, 0xA9, 0xFD,
    0xAD, 0xFC, 0xB3, 0xFB, 0xBF, 0xFA, 0xCF, 0xF9, 0xE5, 0xF8, 0x04, 0xF8,
    0x29, 0xF7, 0x58, 0xF6, 0x90, 0xF5, 0xD3, 0xF4, 0x21, 0xF4, 0x7B, 0xF3,
    0xE1, 0xF2, 0x55, 0xF2, 0xD7, 0xF1, 0x67, 0xF1, 0x05, 0xF1, 0xB3, 0xF0,
    0x70, 0xF0, 0x3C, 0xF0, 0x19, 0xF0, 0x05, 0xF0, 0x02, 0xF0, 0x0E, 0xF0,
    0x2B, 0xF0, 0x57, 0xF0, 0x94, 0xF0, 0xDF, 0xF0, 0x3A, 0xF1, 0xA4, 0xF1,
    0x1D, 0xF2, 0xA3, 0xF2, 0x37, 0xF3, 0xD7, 0xF3, 0x84, 0xF4, 0x3D, 0xF5,
    0xFF, 0xF5, 0xCD, 0xF6, 0xA3, 0xF7, 0x82, 0xF8, 0x69, 0xF9, 0x56, 0xFA,
    0x48, 0xFB, 0x40, 0xFC, 0x3B, 0xFD, 0x39, 0xFE, 0x39, 0xFF, 0x3A, 0x00,
    0x3B, 0x01, 0x3A, 0x02, 0x37, 0x03, 0x31, 0x04, 0x25, 0x05, 0x16, 0x06,
    0x00, 0x07, 0xE3, 0x07, 0xBE, 0x08, 0x91, 0x09, 0x5A, 0x0A, 0x18, 0x0B,
    0xCB, 0x0B, 0x73, 0x0C, 0x0E, 0x0D, 0x9C, 0x0D, 0x1C, 0x0E, 0x8D, 0x0E,
    0xF1, 0x0E, 0x45, 0x0F, 0x8A, 0x0F, 0xBF, 0x0F, 0xE4, 0x0F, 0xFA, 0x0F,
    0xFF, 0x0F, 0xF4, 0x0F, 0xD9, 0x0F, 0xAF, 0x0F, 0x74, 0x0F, 0x2A, 0x0F,
    0xD1, 0x0E, 0x68, 0x0E, 0xF2, 0x0D, 0x6D, 0x0D, 0xDB, 0x0C, 0x3B, 0x0C,
    0x91, 0x0B, 0xD9, 0x0A, 0x17, 0x0A, 0x4B, 0x09, 0x76, 0x08, 0x97, 0x07,
    0xB2, 0x06, 0xC5, 0x05, 0xD3, 0x04, 0xDC, 0x03, 0xE1, 0x02, 0xE3, 0x01,
    0xE4, 0x00, 0xE3, 0xFF, 0xE2, 0xFE, 0xE3, 0xFD, 0xE7, 0xFC, 0xEC, 0xFB,
    0xF6, 0xFA, 0x05, 0xFA, 0x1A, 0xF9, 0x36, 0xF8, 0x5A, 0xF7, 0x87, 0xF6,
    0xBD, 0xF5, 0xFD, 0xF4, 0x48, 0xF4, 0x9F, 0xF3, 0x03, 0xF3, 0x74, 0xF2,
    0xF2, 0xF1, 0x7F, 0xF1, 0x1A, 0xF1, 0xC4, 0xF0, 0x7E, 0xF0, 0x47, 0xF0,
    0x1F, 0xF0, 0x08, 0xF0, 0x01, 0xF0, 0x0A, 0xF0, 0x23, 0xF0, 0x4C, 0xF0,
    0x85, 0xF0, 0xCD, 0xF0, 0x24, 0xF1, 0x8B, 0xF1, 0x00, 0xF2, 0x83, 0xF2,
    0x14, 0xF3, 0xB1, 0xF3, 0x5C, 0xF4, 0x11, 0xF5, 0xD2, 0xF5, 0x9D, 0xF6,
    0x72, 0xF7, 0x4F, 0xF8, 0x34, 0xF9, 0x20, 0xFA, 0x11, 0xFB, 0x08, 0xFC,
    0x02, 0xFD, 0x00, 0xFE, 0xFF, 0xFE, 0xFF, 0xFF, 0x00, 0x01, 0xFF, 0x01,
    0xFD, 0x02, 0xF8, 0x03, 0xEE, 0x04, 0xE0, 0x05, 0xCC, 0x06, 0xB0, 0x07,
    0x8D, 0x08, 0x62, 0x09, 0x2D, 0x0A, 0xEE, 0x0A, 0xA4, 0x0B, 0x4E, 0x0C,
    0xEC, 0x0C, 0x7C, 0x0D, 0xFF, 0x0D, 0x75, 0x0E, 0xDB, 0x0E, 0x33, 0x0F,
    0x7B, 0x0F, 0xB4, 0x0F, 0xDD, 0x0F, 0xF6, 0x0F, 0xFF, 0x0F, 0xF8, 0x0F,
    0xE1, 0x0F, 0xBA, 0x0F, 0x83, 0x0F, 0x3C, 0x0F, 0xE6, 0x0E, 0x82, 0x0E,
    0x0E, 0x0E, 0x8D, 0x0D, 0xFD, 0x0C, 0x61, 0x0C, 0xB8, 0x0B, 0x04, 0x0B,
    0x44, 0x0A, 0x7A, 0x09, 0xA7, 0x08, 0xCA, 0x07, 0xE6, 0x06, 0xFC, 0x05,
    0x0B, 0x05, 0x15, 0x04, 0x1A, 0x03, 0x1E, 0x02, 0x1E, 0x01, 0x1E, 0x00,
    0x1D, 0xFF, 0x1D, 0xFE, 0x20, 0xFD, 0x25, 0xFC, 0x2D, 0xFB, 0x3B, 0xFA,
    0x4F, 0xF9, 0x69, 0xF8, 0x8B, 0xF7, 0xB5, 0xF6, 0xE9, 0xF5, 0x27, 0xF5,
    0x70, 0xF4, 0xC5, 0xF3, 0x26, 0xF3, 0x93, 0xF2, 0x0F, 0xF2, 0x98, 0xF1,
    0x30, 0xF1, 0xD6, 0xF0, 0x8C, 0xF0, 0x52, 0xF0, 0x27, 0xF0, 0x0C, 0xF0,
    0x01, 0xF0, 0x06, 0xF0, 0x1C, 0xF0, 0x41, 0xF0, 0x76, 0xF0, 0xBB, 0xF0,
    0x0F, 0xF1, 0x72, 0xF1, 0xE4, 0xF1, 0x64, 0xF2, 0xF2, 0xF2, 0x8D, 0xF3,
    0x34, 0xF4, 0xE7, 0xF4, 0xA6, 0xF5, 0x6F, 0xF6, 0x41, 0xF7, 0x1C, 0xF8,
    0xFF, 0xF8, 0xEA, 0xF9, 0xD9, 0xFA, 0xCF, 0xFB, 0xC8, 0xFC, 0xC5, 0xFD,
    0xC5, 0xFE, 0xC5, 0xFF, 0xC6, 0x00, 0xC6, 0x01, 0xC4, 0x02, 0xBF, 0x03,
    0xB7, 0x04, 0xAA, 0x05, 0x97, 0x06, 0x7D, 0x07, 0x5C, 0x08, 0x33, 0x09,
    0xFF, 0x09, 0xC3, 0x0A, 0x7B, 0x0B, 0x28, 0x0C, 0xC9, 0x0C, 0x5D, 0x0D,
    0xE3, 0x0D, 0x5B, 0x0E, 0xC5, 0x0E, 0x20, 0x0F, 0x6C, 0x0F, 0xA9, 0x0F,
    0xD5, 0x0F, 0xF2, 0x0F, 0xFE, 0x0F, 0xFB, 0x0F, 0xE7, 0x0F, 0xC4, 0x0F,
    0x91, 0x0F, 0x4E, 0x0F, 0xFB, 0x0E, 0x9A, 0x0E, 0x2A, 0x0E, 0xAB, 0x0D,
    0x1F, 0x0D, 0x86, 0x0C, 0xE0, 0x0B, 0x2D, 0x0B, 0x70, 0x0A, 0xA9, 0x09,
    0xD7, 0x08, 0xFD, 0x07, 0x1B, 0x07, 0x32, 0x06, 0x42, 0x05, 0x4D, 0x04,
    0x54, 0x03, 0x57, 0x02, 0x58, 0x01, 0x58, 0x00, 0x57, 0xFF, 0x57, 0xFE,
    0x59, 0xFD, 0x5D, 0xFC, 0x65, 0xFB, 0x72, 0xFA, 0x84, 0xF9, 0x9D, 0xF8,
    0xBD, 0xF7, 0xE6, 0xF6, 0x17, 0xF6, 0x53, 0xF5, 0x99, 0xF4, 0xEB, 0xF3,
    0x49, 0xF3, 0xB3, 0xF2, 0x2C, 0xF2, 0xB2, 0xF1, 0x46, 0xF1, 0xE9, 0xF0,
    0x9C, 0xF0, 0x5D, 0xF0, 0x2F, 0xF0, 0x11, 0xF0, 0x02, 0xF0, 0x04, 0xF0,
    0x15, 0xF0, 0x37, 0xF0, 0x69, 0xF0, 0xAA, 0xF0, 0xFB, 0xF0, 0x5B, 0xF1,
    0xC9, 0xF1, 0x46, 0xF2, 0xD0, 0xF2, 0x68, 0xF3, 0x0D, 0xF4, 0xBE, 0xF4,
    0x7A, 0xF5, 0x40, 0xF6, 0x10, 0xF7, 0xE9, 0xF7, 0xCB, 0xF8, 0xB3, 0xF9,
    0xA2, 0xFA, 0x97, 0xFB, 0x90, 0xFC, 0x8C, 0xFD, 0x8B, 0xFE, 0x8B, 0xFF,
    0x8C, 0x00, 0x8C, 0x01, 0x8B, 0x02, 0x87, 0x03, 0x7F, 0x04, 0x72, 0x05,
    0x61, 0x06, 0x49, 0x07, 0x2A, 0x08, 0x02, 0x09, 0xD2, 0x09, 0x97, 0x0A,
    0x53, 0x0B, 0x02, 0x0C, 0xA6, 0x0C, 0x3C, 0x0D, 0xC6, 0x0D, 0x41, 0x0E,
    0xAF, 0x0E, 0x0D, 0x0F, 0x5C, 0x0F, 0x9C, 0x0F, 0xCC, 0x0F, 0xED, 0x0F,
    0xFD, 0x0F, 0xFD, 0x0F, 0xED, 0x0F, 0xCD, 0x0F, 0x9E, 0x0F, 0x5E, 0x0F,
    0x0F, 0x0F, 0xB1, 0x0E, 0x44, 0x0E, 0xC9, 0x0D, 0x40, 0x0D, 0xA9, 0x0C,
    0x06, 0x0C, 0x58, 0x0B, 0x9D, 0x0A, 0xD7, 0x09, 0x08, 0x09, 0x30, 0x08,
    0x4F, 0x07, 0x67, 0x06, 0x79, 0x05, 0x85, 0x04, 0x8D, 0x03, 0x91, 0x02,
    0x92, 0x01, 0x92, 0x00, 0x91, 0xFF, 0x91, 0xFE, 0x92, 0xFD, 0x96, 0xFC,
    0x9E, 0xFB, 0xA9, 0xFA, 0xBA, 0xF9, 0xD1, 0xF8, 0xEF, 0xF7, 0x16, 0xF7,
    0x45, 0xF6, 0x7F, 0xF5, 0xC2, 0xF4, 0x11, 0xF4, 0x6C, 0xF3, 0xD4, 0xF2,
    0x49, 0xF2, 0xCC, 0xF1, 0x5D, 0xF1, 0xFD, 0xF0, 0xAC, 0xF0, 0x6A, 0xF0,
    0x38, 0xF0, 0x16, 0xF0, 0x04, 0xF0, 0x02, 0xF0, 0x10, 0xF0, 0x2E, 0xF0,
    0x5C, 0xF0, 0x9A, 0xF0, 0xE7, 0xF0, 0x43, 0xF1, 0xAF, 0xF1, 0x28, 0xF2,
    0xB0, 0xF2, 0x44, 0xF3, 0xE6, 0xF3, 0x94, 0xF4, 0x4E, 0xF5, 0x12, 0xF6,
    0xE0, 0xF6, 0xB7, 0xF7, 0x97, 0xF8, 0x7E, 0xF9, 0x6C, 0xFA, 0x5F, 0xFB,
    0x57, 0xFC, 0x53, 0xFD, 0x51, 0xFE, 0x51, 0xFF, 0x52, 0x00, 0x51, 0x01,
    0x50, 0x02, 0x4D, 0x03, 0x47, 0x04, 0x3C, 0x05, 0x2B, 0x06, 0x15, 0x07,
    0xF8, 0x07, 0xD2, 0x08, 0xA4, 0x09, 0x6C, 0x0A, 0x29, 0x0B, 0xDB, 0x0B,
    0x82, 0x0C, 0x1B, 0x0D, 0xA8, 0x0D, 0x26, 0x0E, 0x97, 0x0E, 0xF9, 0x0E,
    0x4C, 0x0F, 0x8F, 0x0F, 0xC3, 0x0F, 0xE7, 0x0F, 0xFB, 0x0F, 0xFF, 0x0F,
    0xF2, 0x0F, 0xD6, 0x0F, 0xAA, 0x0F, 0x6E, 0x0F, 0x22, 0x0F, 0xC8, 0x0E,
    0x5F, 0x0E, 0xE7, 0x0D, 0x61, 0x0D, 0xCD, 0x0C, 0x2D, 0x0C, 0x80, 0x0B,
    0xC8, 0x0A, 0x05, 0x0A, 0x38, 0x09, 0x62, 0x08, 0x83, 0x07, 0x9C, 0x06,
    0xB0, 0x05, 0xBD, 0x04, 0xC5, 0x03, 0xCA, 0x02, 0xCD, 0x01, 0xCD, 0x00,
    0xCC, 0xFF, 0xCC, 0xFE, 0xCC, 0xFD, 0xD0, 0xFC, 0xD6, 0xFB, 0xE0, 0xFA,
    0xEF, 0xF9, 0x05, 0xF9, 0x22, 0xF8, 0x46, 0xF7, 0x74, 0xF6, 0xAA, 0xF5,
    0xEC, 0xF4, 0x38, 0xF4, 0x91, 0xF3, 0xF6, 0xF2, 0x68, 0xF2, 0xE7, 0xF1,
    0x75, 0xF1, 0x12, 0xF1, 0xBD, 0xF0, 0x78, 0xF0, 0x42, 0xF0, 0x1D, 0xF0,
    0x07, 0xF0, 0x01, 0xF0, 0x0B, 0xF0, 0x26, 0xF0, 0x50, 0xF0, 0x8B, 0xF0,
    0xD4, 0xF0, 0x2D, 0xF1, 0x95, 0xF1, 0x0B, 0xF2, 0x90, 0xF2, 0x22, 0xF3,
    0xC0, 0xF3, 0x6C, 0xF4, 0x23, 0xF5, 0xE4, 0xF5, 0xB0, 0xF6, 0x86, 0xF7,
    0x64, 0xF8, 0x49, 0xF9, 0x35, 0xFA, 0x27, 0xFB, 0x1E, 0xFC, 0x19, 0xFD,
    0x16, 0xFE, 0x16, 0xFF, 0x17, 0x00, 0x17, 0x01, 0x17, 0x02, 0x14, 0x03,
    0x0E, 0x04, 0x05, 0x05, 0xF6, 0x05, 0xE1, 0x06, 0xC5, 0x07, 0xA1, 0x08,
    0x75, 0x09, 0x3F, 0x0A, 0xFF, 0x0A, 0xB4, 0x0B, 0x5D, 0x0C, 0xF9, 0x0C,
    0x89, 0x0D, 0x0B, 0x0E, 0x7F, 0x0E, 0xE4, 0x0E, 0x3A, 0x0F, 0x81, 0x0F,
    0xB8, 0x0F, 0xE0, 0x0F, 0xF8, 0x0F, 0xFF, 0x0F, 0xF7, 0x0F, 0xDE, 0x0F,
    0xB5, 0x0F, 0x7D, 0x0F, 0x35, 0x0F, 0xDE, 0x0E, 0x78, 0x0E, 0x03, 0x0E,
    0x80, 0x0D, 0xF0, 0x0C, 0x52, 0x0C, 0xA8, 0x0B, 0xF3, 0x0A, 0x32, 0x0A,
    0x67, 0x09, 0x93, 0x08, 0xB6, 0x07, 0xD2, 0x06, 0xE6, 0x05, 0xF5, 0x04,
    0xFE, 0x03, 0x04, 0x03, 0x06, 0x02, 0x07, 0x01, 0x06, 0x00, 0x06, 0xFF,
    0x06, 0xFE, 0x08, 0xFD, 0x0E, 0xFC, 0x17, 0xFB, 0x25, 0xFA, 0x3A, 0xF9,
    0x54, 0xF8, 0x78, 0xF7, 0xA3, 0xF6, 0xD8, 0xF5, 0x17, 0xF5, 0x60, 0xF4,
    0xB6, 0xF3, 0x18, 0xF3, 0x87, 0xF2, 0x03, 0xF2, 0x8E, 0xF1, 0x27, 0xF1,
    0xCF, 0xF0, 0x86, 0xF0, 0x4D, 0xF0, 0x24, 0xF0, 0x0A, 0xF0, 0x01, 0xF0,
    0x08, 0xF0, 0x1E, 0xF0, 0x45, 0xF0, 0x7C, 0xF0, 0xC2, 0xF0, 0x18, 0xF1,
    0x7C, 0xF1, 0xEF, 0xF1, 0x71, 0xF2, 0xFF, 0xF2, 0x9B, 0xF3, 0x44, 0xF4,
    0xF8, 0xF4, 0xB8, 0xF5, 0x81, 0xF6, 0x54, 0xF7, 0x30, 0xF8, 0x14, 0xF9,
    0xFF, 0xF9, 0xEF, 0xFA, 0xE5, 0xFB, 0xE0, 0xFC, 0xDD, 0xFD, 0xDC, 0xFE,
    0xDD, 0xFF, 0xDD, 0x00, 0xDD, 0x01, 0xDB, 0x02, 0xD6, 0x03, 0xCD, 0x04,
    0xC0, 0x05, 0xAB, 0x06, 0x91, 0x07, 0x70, 0x08, 0x45, 0x09, 0x12, 0x0A,
    0xD4, 0x0A, 0x8C, 0x0B, 0x37, 0x0C, 0xD7, 0x0C, 0x69, 0x0D, 0xEF, 0x0D,
    0x66, 0x0E, 0xCE, 0x0E, 0x28, 0x0F, 0x72, 0x0F, 0xAD, 0x0F, 0xD8, 0x0F,
    0xF4, 0x0F, 0xFF, 0x0F, 0xFA, 0x0F, 0xE5, 0x0F, 0xC0, 0x0F, 0x8B, 0x0F,
    0x47, 0x0F, 0xF3, 0x0E, 0x90, 0x0E, 0x1F, 0x0E, 0x9F, 0x0D, 0x11, 0x0D,
    0x77, 0x0C, 0xD0, 0x0B, 0x1D, 0x0B, 0x5F, 0x0A, 0x96, 0x09, 0xC4, 0x08,
    0xE9, 0x07, 0x06, 0x07, 0x1C, 0x06, 0x2C, 0x05, 0x37, 0x04, 0x3D, 0x03,
    0x40, 0x02, 0x41, 0x01, 0x40, 0x00, 0x40, 0xFF, 0x40, 0xFE, 0x42, 0xFD,
    0x47, 0xFC, 0x4F, 0xFB, 0x5C, 0xFA, 0x6F, 0xF9, 0x88, 0xF8, 0xA9, 0xF7,
    0xD2, 0xF6, 0x05, 0xF6, 0x41, 0xF5, 0x89, 0xF4, 0xDB, 0xF3, 0x3A, 0xF3,
    0xA6, 0xF2, 0x20, 0xF2, 0xA7, 0xF1, 0x3D, 0xF1, 0xE2, 0xF0, 0x95, 0xF0,
    0x59, 0xF0, 0x2C, 0xF0, 0x0F, 0xF0, 0x02, 0xF0, 0x05, 0xF0, 0x18, 0xF0,
    0x3B, 0xF0, 0x6E, 0xF0, 0xB1, 0xF0, 0x03, 0xF1, 0x64, 0xF1, 0xD4, 0xF1,
    0x52, 0xF2, 0xDE, 0xF2, 0x77, 0xF3, 0x1C, 0xF4, 0xCE, 0xF4, 0x8B, 0xF5,
    0x52, 0xF6, 0x24, 0xF7, 0xFE, 0xF7, 0xE0, 0xF8, 0xC9, 0xF9, 0xB9, 0xFA,
    0xAD, 0xFB, 0xA7, 0xFC, 0xA3, 0xFD, 0xA2, 0xFE, 0xA3, 0xFF, 0xA3, 0x00,
    0xA3, 0x01, 0xA1, 0x02, 0x9D, 0x03, 0x95, 0x04, 0x88, 0x05, 0x76, 0x06,
    0x5E, 0x07, 0x3E, 0x08, 0x16, 0x09, 0xE4, 0x09, 0xA9, 0x0A, 0x63, 0x0B,
    0x12, 0x0C, 0xB4, 0x0C, 0x49, 0x0D, 0xD2, 0x0D, 0x4C, 0x0E, 0xB8, 0x0E,
    0x15, 0x0F, 0x63, 0x0F, 0xA1, 0x0F, 0xD0, 0x0F, 0xEF, 0x0F, 0xFE, 0x0F,
    0xFC, 0x0F, 0xEB, 0x0F, 0xCA, 0x0F, 0x99, 0x0F, 0x58, 0x0F, 0x07, 0x0F,
    0xA8, 0x0E, 0x39, 0x0E, 0xBD, 0x0D, 0x33, 0x0D, 0x9B, 0x0C, 0xF7, 0x0B,
    0x47, 0x0B, 0x8B, 0x0A, 0xC5, 0x09, 0xF5, 0x08, 0x1C, 0x08, 0x3A, 0x07,
    0x52, 0x06, 0x63, 0x05, 0x6F, 0x04, 0x76, 0x03, 0x79, 0x02, 0x7B, 0x01,
    0x7B, 0x00, 0x7B, 0xFF, 0x7A, 0xFE, 0x7C, 0xFD, 0x80, 0xFC, 0x87, 0xFB,
    0x93, 0xFA, 0xA4, 0xF9, 0xBC, 0xF8, 0xDB, 0xF7, 0x02, 0xF7, 0x33, 0xF6,
    0x6D, 0xF5, 0xB1, 0xF4, 0x02, 0xF4, 0x5E, 0xF3, 0xC7, 0xF2, 0x3E, 0xF2,
    0xC2, 0xF1, 0x54, 0xF1, 0xF5, 0xF0, 0xA5, 0xF0, 0x65, 0xF0, 0x35, 0xF0,
    0x14, 0xF0, 0x03, 0xF0, 0x03, 0xF0, 0x12, 0xF0, 0x32, 0xF0, 0x61, 0xF0,
    0xA0, 0xF0, 0xEF, 0xF0, 0x4C, 0xF1, 0xB9, 0xF1, 0x34, 0xF2, 0xBD, 0xF2,
    0x53, 0xF3, 0xF6, 0xF3, 0xA5, 0xF4, 0x5F, 0xF5, 0x24, 0xF6, 0xF3, 0xF6,
    0xCB, 0xF7, 0xAC, 0xF8, 0x94, 0xF9, 0x82, 0xFA, 0x76, 0xFB, 0x6D, 0xFC,
    0x69, 0xFD, 0x68, 0xFE, 0x68, 0xFF, 0x68, 0x00, 0x69, 0x01, 0x68, 0x02,
    0x64, 0x03, 0x5D, 0x04, 0x52, 0x05, 0x41, 0x06, 0x2A, 0x07, 0x0C, 0x08,
    0xE6, 0x08, 0xB6, 0x09, 0x7D, 0x0A, 0x39, 0x0B, 0xEB, 0x0B, 0x90, 0x0C,
    0x28, 0x0D, 0xB4, 0x0D, 0x31, 0x0E, 0xA0, 0x0E, 0x01, 0x0F, 0x52, 0x0F,
    0x94, 0x0F, 0xC7, 0x0F, 0xE9, 0x0F, 0xFC, 0x0F, 0xFE, 0x0F, 0xF0, 0x0F,
    0xD3, 0x0F, 0xA5, 0x0F, 0x68, 0x0F, 0x1B, 0x0F, 0xBF, 0x0E, 0x54, 0x0E,
    0xDB, 0x0D, 0x54, 0x0D, 0xBF, 0x0C, 0x1D, 0x0C, 0x70, 0x0B, 0xB6, 0x0A,
    0xF2, 0x09, 0x24, 0x09, 0x4D, 0x08, 0x6E, 0x07, 0x87, 0x06, 0x9A, 0x05,
    0xA7, 0x04, 0xAF, 0x03, 0xB4, 0x02, 0xB5, 0x01, 0xB5, 0x00, 0xB5, 0xFF,
    0xB4, 0xFE, 0xB5, 0xFD, 0xB8, 0xFC, 0xBF, 0xFB, 0xCA, 0xFA, 0xDA, 0xF9,
    0xF0, 0xF8, 0x0D, 0xF8, 0x33, 0xF7, 0x61, 0xF6, 0x99, 0xF5, 0xDB, 0xF4,
    0x29, 0xF4, 0x82, 0xF3, 0xE8, 0xF2, 0x5B, 0xF2, 0xDC, 0xF1, 0x6B, 0xF1,
    0x09, 0xF1, 0xB6, 0xF0, 0x72, 0xF0, 0x3E, 0xF0, 0x1A, 0xF0, 0x06, 0xF0,
    0x01, 0xF0, 0x0D, 0xF0, 0x29, 0xF0, 0x55, 0xF0, 0x90, 0xF0, 0xDC, 0xF0,
    0x36, 0xF1, 0x9F, 0xF1, 0x17, 0xF2, 0x9C, 0xF2, 0x30, 0xF3, 0xD0, 0xF3,
    0x7C, 0xF4, 0x34, 0xF5, 0xF7, 0xF5, 0xC4, 0xF6, 0x99, 0xF7, 0x78, 0xF8,
    0x5E, 0xF9, 0x4B, 0xFA, 0x3D, 0xFB, 0x35, 0xFC, 0x30, 0xFD, 0x2E, 0xFE,
    0x2E, 0xFF, 0x2E, 0x00, 0x2F, 0x01, 0x2E, 0x02, 0x2B, 0x03, 0x25, 0x04,
    0x1B, 0x05, 0x0B, 0x06, 0xF5, 0x06, 0xD9, 0x07, 0xB4, 0x08, 0x87, 0x09,
    0x51, 0x0A, 0x10, 0x0B, 0xC4, 0x0B, 0x6C, 0x0C, 0x07, 0x0D, 0x95, 0x0D,
    0x16, 0x0E, 0x89, 0x0E, 0xEC, 0x0E, 0x41, 0x0F, 0x87, 0x0F, 0xBD, 0x0F,
    0xE3, 0x0F, 0xF9, 0x0F, 0xFF, 0x0F, 0xF5, 0x0F, 0xDB, 0x0F, 0xB1, 0x0F,
    0x77, 0x0F, 0x2E, 0x0F, 0xD5, 0x0E, 0x6E, 0x0E, 0xF7, 0x0D, 0x73, 0x0D,
    0xE2, 0x0C, 0x43, 0x0C, 0x98, 0x0B, 0xE1, 0x0A, 0x20, 0x0A, 0x55, 0x09,
    0x80, 0x08, 0xA2, 0x07, 0xBD, 0x06, 0xD0, 0x05, 0xDF, 0x04, 0xE8, 0x03,
    0xED, 0x02, 0xEF, 0x01, 0xEF, 0x00, 0xEF, 0xFF, 0xEE, 0xFE, 0xEF, 0xFD,
    0xF1, 0xFC, 0xF7, 0xFB, 0x01, 0xFB, 0x10, 0xFA, 0x25, 0xF9, 0x41, 0xF8,
    0x64, 0xF7, 0x90, 0xF6, 0xC6, 0xF5, 0x05, 0xF5, 0x50, 0xF4, 0xA7, 0xF3,
    0x0A, 0xF3, 0x7A, 0xF2, 0xF8, 0xF1, 0x84, 0xF1, 0x1E, 0xF1, 0xC8, 0xF0,
    0x80, 0xF0, 0x49, 0xF0, 0x21, 0xF0, 0x09, 0xF0, 0x01, 0xF0, 0x09, 0xF0,
    0x21, 0xF0, 0x4A, 0xF0, 0x82, 0xF0, 0xC9, 0xF0, 0x20, 0xF1, 0x86, 0xF1,
    0xFA, 0xF1, 0x7D, 0xF2, 0x0D, 0xF3, 0xAA, 0xF3, 0x53, 0xF4, 0x09, 0xF5,
    0xC9, 0xF5, 0x94, 0xF6, 0x68, 0xF7, 0x45, 0xF8, 0x29, 0xF9, 0x15, 0xFA,
    0x06, 0xFB, 0xFC, 0xFB, 0xF7, 0xFC, 0xF4, 0xFD, 0xF4, 0xFE, 0xF4, 0xFF,
    0xF5, 0x00, 0xF4, 0x01, 0xF1, 0x02, 0xEC, 0x03, 0xE3, 0x04, 0xD5, 0x05,
    0xC1, 0x06, 0xA6, 0x07, 0x83, 0x08, 0x58, 0x09, 0x24, 0x0A, 0xE5, 0x0A,
    0x9C, 0x0B, 0x47, 0x0C, 0xE5, 0x0C, 0x76, 0x0D, 0xFA, 0x0D, 0x70, 0x0E,
    0xD7, 0x0E, 0x2F, 0x0F, 0x78, 0x0F, 0xB2, 0x0F, 0xDB, 0x0F, 0xF5, 0x0F,
    0xFF, 0x0F, 0xF9, 0x0F, 0xE2, 0x0F, 0xBC, 0x0F, 0x85, 0x0F, 0x40, 0x0F,
    0xEA, 0x0E, 0x86, 0x0E, 0x13, 0x0E, 0x93, 0x0D, 0x04, 0x0D, 0x69, 0x0C,
    0xC0, 0x0B, 0x0C, 0x0B, 0x4D, 0x0A, 0x84, 0x09, 0xB0, 0x08, 0xD5, 0x07,
    0xF1, 0x06, 0x06, 0x06, 0x16, 0x05, 0x20, 0x04, 0x26, 0x03, 0x29, 0x02,
    0x29, 0x01, 0x2A, 0x00, 0x29, 0xFF, 0x29, 0xFE, 0x2B, 0xFD, 0x30, 0xFC,
    0x39, 0xFB, 0x46, 0xFA, 0x5A, 0xF9, 0x74, 0xF8, 0x95, 0xF7, 0xBF, 0xF6,
    0xF3, 0xF5, 0x30, 0xF5, 0x78, 0xF4, 0xCC, 0xF3, 0x2C, 0xF3, 0x9A, 0xF2,
    0x14, 0xF2, 0x9D, 0xF1, 0x34, 0xF1, 0xDA, 0xF0, 0x8F, 0xF0, 0x54, 0xF0,
    0x28, 0xF0, 0x0D, 0xF0, 0x01, 0xF0, 0x06, 0xF0, 0x1A, 0xF0, 0x3F, 0xF0,
    0x74, 0xF0, 0xB8, 0xF0, 0x0B, 0xF1, 0x6D, 0xF1, 0xDF, 0xF1, 0x5E, 0xF2,
    0xEB, 0xF2, 0x85, 0xF3, 0x2C, 0xF4, 0xDF, 0xF4, 0x9D, 0xF5, 0x65, 0xF6,
    0x37, 0xF7, 0x12, 0xF8, 0xF5, 0xF8, 0xDF, 0xF9, 0xCF, 0xFA, 0xC4, 0xFB,
    0xBE, 0xFC, 0xBA, 0xFD, 0xB9, 0xFE, 0xB9, 0xFF, 0xBA, 0x00, 0xBA, 0x01,
    0xB8, 0x02, 0xB4, 0x03, 0xAC, 0x04, 0x9F, 0x05, 0x8C, 0x06, 0x73, 0x07,
    0x52, 0x08, 0x29, 0x09, 0xF7, 0x09, 0xBB, 0x0A, 0x73, 0x0B, 0x20, 0x0C,
    0xC2, 0x0C, 0x56, 0x0D, 0xDD, 0x0D, 0x56, 0x0E, 0xC1, 0x0E, 0x1D, 0x0F,
    0x69, 0x0F, 0xA6, 0x0F, 0xD3, 0x0F, 0xF1, 0x0F, 0xFE, 0x0F, 0xFC, 0x0F,
    0xE9, 0x0F, 0xC6, 0x0F, 0x93, 0x0F, 0x51, 0x0F, 0xFF, 0x0E, 0x9E, 0x0E,
    0x2F, 0x0E, 0xB1, 0x0D, 0x26, 0x0D, 0x8D, 0x0C, 0xE8, 0x0B, 0x36, 0x0B,
    0x79, 0x0A, 0xB2, 0x09, 0xE1, 0x08, 0x07, 0x08, 0x25, 0x07, 0x3C, 0x06,
    0x4D, 0x05, 0x59, 0x04, 0x60, 0x03, 0x63, 0x02, 0x64, 0x01, 0x64, 0x00,
    0x63, 0xFF, 0x63, 0xFE, 0x64, 0xFD, 0x69, 0xFC, 0x70, 0xFB, 0x7D, 0xFA,
    0x8F, 0xF9, 0xA7, 0xF8, 0xC7, 0xF7, 0xEF, 0xF6, 0x21, 0xF6, 0x5C, 0xF5,
    0xA1, 0xF4, 0xF3, 0xF3, 0x50, 0xF3, 0xBA, 0xF2, 0x32, 0xF2, 0xB7, 0xF1,
    0x4B, 0xF1, 0xED, 0xF0, 0x9F, 0xF0, 0x60, 0xF0, 0x31, 0xF0, 0x12, 0xF0,
    0x03, 0xF0, 0x03, 0xF0, 0x14, 0xF0, 0x35, 0xF0, 0x66, 0xF0, 0xA7, 0xF0,
    0xF7, 0xF0, 0x56, 0xF1, 0xC4, 0xF1, 0x40, 0xF2, 0xCA, 0xF2, 0x61, 0xF3,
    0x05, 0xF4, 0xB5, 0xF4, 0x71, 0xF5, 0x37, 0xF6, 0x07, 0xF7, 0xE0, 0xF7,
    0xC0, 0xF8, 0xA9, 0xF9, 0x97, 0xFA, 0x8B, 0xFB, 0x84, 0xFC, 0x80, 0xFD,
    0x7F, 0xFE, 0x7F, 0xFF, 0x80, 0x00, 0x80, 0x01, 0x7F, 0x02, 0x7B, 0x03,
    0x74, 0x04, 0x68, 0x05, 0x57, 0x06, 0x3F, 0x07, 0x20, 0x08, 0xF9, 0x08,
    0xC8, 0x09, 0x8F, 0x0A, 0x4A, 0x0B, 0xFA, 0x0B, 0x9E, 0x0C, 0x36, 0x0D,
    0xC0, 0x0D, 0x3C, 0x0E, 0xAA, 0x0E, 0x09, 0x0F, 0x59, 0x0F, 0x9A, 0x0F,
    0xCB, 0x0F, 0xEC, 0x0F, 0xFD, 0x0F, 0xFE, 0x0F, 0xEE, 0x0F, 0xCF, 0x0F,
    0xA0, 0x0F, 0x61, 0x0F, 0x13, 0x0F, 0xB6, 0x0E, 0x4A, 0x0E, 0xCF, 0x0D,
    0x46, 0x0D, 0xB1, 0x0C, 0x0E, 0x0C, 0x5F, 0x0B, 0xA5, 0x0A, 0xE1, 0x09,
    0x12, 0x09, 0x3A, 0x08, 0x5A, 0x07, 0x72, 0x06, 0x84, 0x05, 0x91, 0x04,
    0x98, 0x03, 0x9C, 0x02, 0x9E, 0x01, 0x9E, 0x00, 0x9D, 0xFF, 0x9D, 0xFE,
    0x9E, 0xFD, 0xA1, 0xFC, 0xA8, 0xFB, 0xB4, 0xFA, 0xC5, 0xF9, 0xDC, 0xF8,
    0xFA, 0xF7, 0x20, 0xF7, 0x4F, 0xF6, 0x87, 0xF5, 0xCB, 0xF4, 0x19, 0xF4,
    0x74, 0xF3, 0xDB, 0xF2, 0x4F, 0xF2, 0xD1, 0xF1, 0x62, 0xF1, 0x01, 0xF1,
    0xAF, 0xF0, 0x6D, 0xF0, 0x3A, 0xF0, 0x17, 0xF0, 0x05, 0xF0, 0x02, 0xF0,
    0x0F, 0xF0, 0x2C, 0xF0, 0x5A, 0xF0, 0x97, 0xF0, 0xE3, 0xF0, 0x3F, 0xF1,
    0xAA, 0xF1, 0x22, 0xF2, 0xA9, 0xF2, 0x3E, 0xF3, 0xDF, 0xF3, 0x8C, 0xF4,
    0x45, 0xF5, 0x09, 0xF6, 0xD6, 0xF6, 0xAD, 0xF7, 0x8D, 0xF8, 0x73, 0xF9,
    0x61, 0xFA, 0x54, 0xFB, 0x4B, 0xFC, 0x47, 0xFD, 0x45, 0xFE, 0x45, 0xFF,
    0x46, 0x00, 0x46, 0x01, 0x45, 0x02, 0x41, 0x03, 0x3B, 0x04, 0x31, 0x05,
    0x21, 0x06, 0x0A, 0x07, 0xED, 0x07, 0xC8, 0x08, 0x9A, 0x09, 0x63, 0x0A,
    0x21, 0x0B, 0xD3, 0x0B, 0x7A, 0x0C, 0x15, 0x0D, 0xA2, 0x0D, 0x21, 0x0E,
    0x92, 0x0E, 0xF5, 0x0E, 0x48, 0x0F, 0x8C, 0x0F, 0xC1, 0x0F, 0xE5, 0x0F,
    0xFA, 0x0F, 0xFF, 0x0F, 0xF3, 0x0F, 0xD8, 0x0F, 0xAC, 0x0F, 0x71, 0x0F,
    0x26, 0x0F, 0xCC, 0x0E, 0x63, 0x0E, 0xEC, 0x0D, 0x67, 0x0D, 0xD4, 0x0C,
    0x34, 0x0C, 0x88, 0x0B, 0xD1, 0x0A, 0x0E, 0x0A, 0x41, 0x09, 0x6B, 0x08,
    0x8D, 0x07, 0xA7, 0x06, 0xBA, 0x05, 0xC8, 0x04, 0xD1, 0x03, 0xD6, 0x02,
    0xD8, 0x01, 0xD8, 0x00, 0xD8, 0xFF, 0xD7, 0xFE, 0xD8, 0xFD, 0xDB, 0xFC,
    0xE1, 0xFB, 0xEB, 0xFA, 0xFA, 0xF9, 0x10, 0xF9, 0x2C, 0xF8, 0x50, 0xF7,
    0x7D, 0xF6, 0xB3, 0xF5, 0xF4, 0xF4, 0x40, 0xF4, 0x98, 0xF3, 0xFC, 0xF2,
    0x6E, 0xF2, 0xED, 0xF1, 0x7A, 0xF1, 0x16, 0xF1, 0xC1, 0xF0, 0x7B, 0xF0,
    0x44, 0xF0, 0x1E, 0xF0, 0x07, 0xF0, 0x01, 0xF0, 0x0B, 0xF0, 0x24, 0xF0,
    0x4E, 0xF0, 0x87, 0xF0, 0xD1, 0xF0, 0x29, 0xF1, 0x90, 0xF1, 0x05, 0xF2,
    0x89, 0xF2, 0x1B, 0xF3, 0xB9, 0xF3, 0x64, 0xF4, 0x1A, 0xF5, 0xDB, 0xF5,
    0xA7, 0xF6, 0x7C, 0xF7, 0x59, 0xF8, 0x3E, 0xF9, 0x2A, 0xFA, 0x1C, 0xFB,
    0x13, 0xFC, 0x0E, 0xFD, 0x0B, 0xFE, 0x0A, 0xFF, 0x0B, 0x00, 0x0C, 0x01,
    0x0B, 0x02, 0x09, 0x03, 0x03, 0x04, 0xF9, 0x04, 0xEB, 0x05, 0xD6, 0x06,
    0xBB, 0x07, 0x97, 0x08, 0x6C, 0x09, 0x36, 0x0A, 0xF7, 0x0A, 0xAC, 0x0B,
    0x55, 0x0C, 0xF2, 0x0C, 0x83, 0x0D, 0x05, 0x0E, 0x7A, 0x0E, 0xE0, 0x0E,
    0x37, 0x0F, 0x7E, 0x0F, 0xB6, 0x0F, 0xDF, 0x0F, 0xF7, 0x0F, 0xFF, 0x0F,
    0xF7, 0x0F, 0xDF, 0x0F, 0xB7, 0x0F, 0x80, 0x0F, 0x39, 0x0F, 0xE2, 0x0E,
    0x7D, 0x0E, 0x09, 0x0E, 0x86, 0x0D, 0xF6, 0x0C, 0x5A, 0x0C, 0xB0, 0x0B,
    0xFB, 0x0A, 0x3B, 0x0A, 0x71, 0x09, 0x9D, 0x08, 0xC0, 0x07, 0xDC, 0x06,
    0xF1, 0x05, 0xFF, 0x04, 0x0A, 0x04, 0x0F, 0x03, 0x12, 0x02, 0x13, 0x01,
    0x12, 0x00, 0x11, 0xFF, 0x12, 0xFE, 0x14, 0xFD, 0x19, 0xFC, 0x22, 0xFB,
    0x30, 0xFA, 0x44, 0xF9, 0x5F, 0xF8, 0x81, 0xF7, 0xAC, 0xF6, 0xE1, 0xF5,
    0x1F, 0xF5, 0x68, 0xF4, 0xBD, 0xF3, 0x1F, 0xF3, 0x8D, 0xF2, 0x09, 0xF2,
    0x93, 0xF1, 0x2B, 0xF1, 0xD3, 0xF0, 0x89, 0xF0, 0x4F, 0xF0, 0x25, 0xF0,
    0x0B, 0xF0, 0x01, 0xF0, 0x07, 0xF0, 0x1D, 0xF0, 0x43, 0xF0, 0x79, 0xF0,
    0xBE, 0xF0, 0x13, 0xF1, 0x77, 0xF1, 0xEA, 0xF1, 0x6A, 0xF2, 0xF9, 0xF2,
    0x94, 0xF3, 0x3C, 0xF4, 0xF0, 0xF4, 0xAF, 0xF5, 0x78, 0xF6, 0x4B, 0xF7,
    0x27, 0xF8, 0x09, 0xF9, 0xF4, 0xF9, 0xE4, 0xFA, 0xDA, 0xFB, 0xD4, 0xFC,
    0xD1, 0xFD, 0xD0, 0xFE, 0xD1, 0xFF, 0xD1, 0x00, 0xD1, 0x01, 0xCF, 0x02,
    0xCB, 0x03, 0xC2, 0x04, 0xB5, 0x05, 0xA1, 0x06, 0x88, 0x07, 0x66, 0x08,
    0x3C, 0x09, 0x09, 0x0A, 0xCB, 0x0A, 0x83, 0x0B, 0x30, 0x0C, 0xD0, 0x0C,
    0x63, 0x0D, 0xE9, 0x0D, 0x60, 0x0E, 0xCA, 0x0E, 0x24, 0x0F, 0x6F, 0x0F,
    0xAB, 0x0F, 0xD7, 0x0F, 0xF3, 0x0F, 0xFF, 0x0F, 0xFA, 0x0F, 0xE6, 0x0F,
    0xC2, 0x0F, 0x8E, 0x0F, 0x4A, 0x0F, 0xF7, 0x0E, 0x95, 0x0E, 0x24, 0x0E,
    0xA5, 0x0D, 0x18, 0x0D, 0x7E, 0x0C, 0xD8, 0x0B, 0x25, 0x0B, 0x67, 0x0A,
    0x9F, 0x09, 0xCE, 0x08, 0xF3, 0x07, 0x11, 0x07, 0x27, 0x06, 0x37, 0x05,
    0x42, 0x04, 0x48, 0x03, 0x4C, 0x02, 0x4D, 0x01, 0x4C, 0x00, 0x4B, 0xFF,
    0x4B, 0xFE, 0x4D, 0xFD, 0x52, 0xFC, 0x5A, 0xFB, 0x67, 0xFA, 0x7A, 0xF9,
    0x93, 0xF8, 0xB3, 0xF7, 0xDC, 0xF6, 0x0E, 0xF6, 0x4A, 0xF5, 0x91, 0xF4,
    0xE3, 0xF3, 0x42, 0xF3, 0xAD, 0xF2, 0x26, 0xF2, 0xAC, 0xF1, 0x41, 0xF1,
    0xE5, 0xF0, 0x98, 0xF0, 0x5B, 0xF0, 0x2D, 0xF0, 0x10, 0xF0, 0x02, 0xF0,
    0x04, 0xF0, 0x17, 0xF0, 0x39, 0xF0, 0x6B, 0xF0, 0xAD, 0xF0, 0xFF, 0xF0,
    0x5F, 0xF1, 0xCE, 0xF1, 0x4C, 0xF2, 0xD7, 0xF2, 0x70, 0xF3, 0x15, 0xF4,
    0xC6, 0xF4, 0x82, 0xF5, 0x49, 0xF6, 0x1A, 0xF7, 0xF3, 0xF7, 0xD5, 0xF8,
    0xBE, 0xF9, 0xAD, 0xFA, 0xA2, 0xFB, 0x9B, 0xFC, 0x98, 0xFD, 0x96, 0xFE,
    0x97, 0xFF, 0x98, 0x00, 0x98, 0x01, 0x96, 0x02, 0x91, 0x03, 0x8A, 0x04,
    0x7D, 0x05, 0x6C, 0x06, 0x53, 0x07, 0x34, 0x08, 0x0C, 0x09, 0xDB, 0x09,
    0xA0, 0x0A, 0x5B, 0x0B, 0x0A, 0x0C, 0xAD, 0x0C, 0x43, 0x0D, 0xCC, 0x0D,
    0x47, 0x0E, 0xB3, 0x0E, 0x11, 0x0F, 0x5F, 0x0F, 0x9F, 0x0F, 0xCE, 0x0F,
    0xEE, 0x0F, 0xFD, 0x0F, 0xFD, 0x0F, 0xEC, 0x0F, 0xCC, 0x0F, 0x9B, 0x0F,
    0x5B, 0x0F, 0x0B, 0x0F, 0xAC, 0x0E, 0x3F, 0x0E, 0xC3, 0x0D, 0x39, 0x0D,
    0xA3, 0x0C, 0xFF, 0x0B, 0x4F, 0x0B, 0x94, 0x0A, 0xCE, 0x09, 0xFE, 0x08,
    0x26, 0x08, 0x45, 0x07, 0x5C, 0x06, 0x6E, 0x05, 0x7A, 0x04, 0x81, 0x03,
    0x85, 0x02, 0x86, 0x01, 0x86, 0x00, 0x85, 0xFF, 0x86, 0xFE, 0x87, 0xFD,
    0x8B, 0xFC, 0x92, 0xFB, 0x9E, 0xFA, 0xAF, 0xF9, 0xC7, 0xF8, 0xE5, 0xF7,
    0x0C, 0xF7, 0x3C, 0xF6, 0x75, 0xF5, 0xBA, 0xF4, 0x09, 0xF4, 0x65, 0xF3,
    0xCD, 0xF2, 0x43, 0xF2, 0xC7, 0xF1, 0x59, 0xF1, 0xF9, 0xF0, 0xA9, 0xF0,
    0x68, 0xF0, 0x36, 0xF0, 0x15, 0xF0, 0x04, 0xF0, 0x02, 0xF0, 0x11, 0xF0,
    0x30, 0xF0, 0x5F, 0xF0, 0x9D, 0xF0, 0xEB, 0xF0, 0x48, 0xF1, 0xB4, 0xF1,
    0x2E, 0xF2, 0xB6, 0xF2, 0x4C, 0xF3, 0xEE, 0xF3, 0x9C, 0xF4, 0x56, 0xF5,
    0x1B, 0xF6, 0xEA, 0xF6, 0xC1, 0xF7, 0xA1, 0xF8, 0x89, 0xF9, 0x77, 0xFA,
    0x6A, 0xFB, 0x62, 0xFC, 0x5E, 0xFD, 0x5C, 0xFE, 0x5C, 0xFF, 0x5D, 0x00,
    0x5D, 0x01, 0x5C, 0x02, 0x59, 0x03, 0x52, 0x04, 0x47, 0x05, 0x36, 0x06,
    0x20, 0x07, 0x02, 0x08, 0xDC, 0x08, 0xAD, 0x09, 0x75, 0x0A, 0x31, 0x0B,
    0xE3, 0x0B, 0x89, 0x0C, 0x22, 0x0D, 0xAE, 0x0D, 0x2C, 0x0E, 0x9C, 0x0E,
    0xFD, 0x0E, 0x4F, 0x0F, 0x92, 0x0F, 0xC5, 0x0F, 0xE8, 0x0F, 0xFB, 0x0F,
    0xFE, 0x0F, 0xF1, 0x0F, 0xD4, 0x0F, 0xA7, 0x0F, 0x6B, 0x0F, 0x1F, 0x0F,
    0xC4, 0x0E, 0x59, 0x0E, 0xE1, 0x0D, 0x5A, 0x0D, 0xC6, 0x0C, 0x25, 0x0C,
    0x78, 0x0B, 0xBF, 0x0A, 0xFC, 0x09, 0x2E, 0x09, 0x57, 0x08, 0x78, 0x07,
    0x92, 0x06, 0xA5, 0x05, 0xB2, 0x04, 0xBB, 0x03, 0xBF, 0x02, 0xC1, 0x01,
    0xC1, 0x00, 0xC0, 0xFF, 0xC0, 0xFE, 0xC1, 0xFD, 0xC4, 0xFC, 0xCA, 0xFB,
    0xD5, 0xFA, 0xE5, 0xF9, 0xFA, 0xF8, 0x18, 0xF8, 0x3C, 0xF7, 0x6A, 0xF6,
    0xA1, 0xF5, 0xE4, 0xF4, 0x31, 0xF4, 0x8A, 0xF3, 0xEF, 0xF2, 0x62, 0xF2,
    0xE2, 0xF1, 0x70, 0xF1, 0x0D, 0xF1, 0xBA, 0xF0, 0x75, 0xF0, 0x40, 0xF0,
    0x1B, 0xF0, 0x06, 0xF0, 0x01, 0xF0, 0x0C, 0xF0, 0x28, 0xF0, 0x52, 0xF0,
    0x8D, 0xF0, 0xD8, 0xF0, 0x31, 0xF1, 0x9A, 0xF1, 0x11, 0xF2, 0x96, 0xF2,
    0x29, 0xF3, 0xC8, 0xF3, 0x74, 0xF4, 0x2B, 0xF5, 0xEE, 0xF5, 0xBA, 0xF6,
    0x90, 0xF7, 0x6E, 0xF8, 0x54, 0xF9, 0x40, 0xFA, 0x32, 0xFB, 0x29, 0xFC,
    0x24, 0xFD, 0x22, 0xFE, 0x22, 0xFF, 0x23, 0x00, 0x23, 0x01, 0x22, 0x02,
    0x20, 0x03, 0x1A, 0x04, 0x10, 0x05, 0x01, 0x06, 0xEB, 0x06, 0xCF, 0x07,
    0xAB, 0x08, 0x7E, 0x09, 0x48, 0x0A, 0x07, 0x0B, 0xBC, 0x0B, 0x64, 0x0C,
    0x00, 0x0D, 0x8F, 0x0D, 0x10, 0x0E, 0x84, 0x0E, 0xE8, 0x0E, 0x3E, 0x0F,
    0x84, 0x0F, 0xBB, 0x0F, 0xE1, 0x0F, 0xF8, 0x0F, 0xFF, 0x0F, 0xF6, 0x0F,
    0xDC, 0x0F, 0xB3, 0x0F, 0x7A, 0x0F, 0x31, 0x0F, 0xD9, 0x0E, 0x73, 0x0E,
    0xFD, 0x0D, 0x7A, 0x0D, 0xE9, 0x0C, 0x4B, 0x0C, 0xA0, 0x0B, 0xEA, 0x0A,
    0x29, 0x0A, 0x5E, 0x09, 0x8A, 0x08, 0xAC, 0x07, 0xC7, 0x06, 0xDB, 0x05,
    0xEA, 0x04, 0xF3, 0x03, 0xF8, 0x02, 0xFB, 0x01, 0xFB, 0x00, 0xFB, 0xFF,
    0xFA, 0xFE, 0xFA, 0xFD, 0xFD, 0xFC, 0x02, 0xFC, 0x0C, 0xFB, 0x1A, 0xFA,
    0x30, 0xF9, 0x4B, 0xF8, 0x6E, 0xF7, 0x9A, 0xF6, 0xCF, 0xF5, 0x0E, 0xF5,
    0x58, 0xF4, 0xAE, 0xF3, 0x11, 0xF3, 0x80, 0xF2, 0xFE, 0xF1, 0x89, 0xF1,
    0x22, 0xF1, 0xCB, 0xF0, 0x83, 0xF0, 0x4B, 0xF0, 0x22, 0xF0, 0x0A, 0xF0,
    0x01, 0xF0, 0x08, 0xF0, 0x20, 0xF0, 0x47, 0xF0, 0x7F, 0xF0, 0xC6, 0xF0,
    0x1C, 0xF1, 0x81, 0xF1, 0xF5, 0xF1, 0x77, 0xF2, 0x06, 0xF3, 0xA3, 0xF3,
    0x4C, 0xF4, 0x01, 0xF5, 0xC0, 0xF5, 0x8A, 0xF6, 0x5E, 0xF7, 0x3A, 0xF8,
    0x1F, 0xF9, 0x0A, 0xFA, 0xFB, 0xFA, 0xF1, 0xFB, 0xEB, 0xFC, 0xE8, 0xFD,
    0xE8, 0xFE, 0xE8, 0xFF, 0xE9, 0x00, 0xE9, 0x01, 0xE6, 0x02, 0xE1, 0x03,
    0xD8, 0x04, 0xCA, 0x05, 0xB6, 0x06, 0x9C, 0x07, 0x7A, 0x08, 0x4F, 0x09,
    0x1B, 0x0A, 0xDD, 0x0A, 0x94, 0x0B, 0x3F, 0x0C, 0xDE, 0x0C, 0x70, 0x0D,
    0xF4, 0x0D, 0x6B, 0x0E, 0xD3, 0x0E, 0x2B, 0x0F, 0x75, 0x0F, 0xB0, 0x0F,
    0xDA, 0x0F, 0xF4, 0x0F, 0xFF, 0x0F, 0xF9, 0x0F, 0xE4, 0x0F, 0xBE, 0x0F,
    0x88, 0x0F, 0x43, 0x0F, 0xEF, 0x0E, 0x8B, 0x0E, 0x19, 0x0E, 0x99, 0x0D,
    0x0B, 0x0D, 0x70, 0x0C, 0xC8, 0x0B, 0x15, 0x0B, 0x56, 0x0A, 0x8D, 0x09,
    0xBA, 0x08, 0xDF, 0x07, 0xFC, 0x06, 0x11, 0x06, 0x21, 0x05, 0x2B, 0x04,
    0x31, 0x03, 0x34, 0x02, 0x35, 0x01, 0x35, 0x00, 0x34, 0xFF, 0x35, 0xFE,
    0x37, 0xFD, 0x3B, 0xFC, 0x44, 0xFB, 0x51, 0xFA, 0x64, 0xF9, 0x7E, 0xF8,
    0x9F, 0xF7, 0xC9, 0xF6, 0xFC, 0xF5, 0x39, 0xF5, 0x80, 0xF4, 0xD4, 0xF3,
    0x33, 0xF3, 0xA0, 0xF2, 0x1A, 0xF2, 0xA2, 0xF1, 0x39, 0xF1, 0xDE, 0xF0,
    0x92, 0xF0, 0x56, 0xF0, 0x2A, 0xF0, 0x0E, 0xF0, 0x01, 0xF0, 0x05, 0xF0,
    0x19, 0xF0, 0x3D, 0xF0, 0x71, 0xF0, 0xB4, 0xF0, 0x07, 0xF1, 0x69, 0xF1,
    0xD9, 0xF1, 0x58, 0xF2, 0xE4, 0xF2, 0x7E, 0xF3, 0x24, 0xF4, 0xD6, 0xF4,
    0x94, 0xF5, 0x5C, 0xF6, 0x2D, 0xF7, 0x08, 0xF8, 0xEA, 0xF8, 0xD4, 0xF9,
    0xC4, 0xFA, 0xB9, 0xFB, 0xB2, 0xFC, 0xAF, 0xFD, 0xAE, 0xFE, 0xAE, 0xFF,
    0xAE, 0x00, 0xAE, 0x01, 0xAD, 0x02, 0xA8, 0x03, 0xA0, 0x04, 0x94, 0x05,
    0x81, 0x06, 0x68, 0x07, 0x48, 0x08, 0x1F, 0x09, 0xEE, 0x09, 0xB2, 0x0A,
    0x6B, 0x0B, 0x19, 0x0C, 0xBB, 0x0C, 0x50, 0x0D, 0xD7, 0x0D, 0x51, 0x0E,
    0xBC, 0x0E, 0x19, 0x0F, 0x66, 0x0F, 0xA4, 0x0F, 0xD2, 0x0F, 0xF0, 0x0F,
    0xFE, 0x0F, 0xFC, 0x0F, 0xEA, 0x0F, 0xC8, 0x0F, 0x96, 0x0F, 0x54, 0x0F,
    0x03, 0x0F, 0xA3, 0x0E, 0x34, 0x0E, 0xB7, 0x0D, 0x2C, 0x0D, 0x94, 0x0C,
    0xEF, 0x0B, 0x3E, 0x0B, 0x82, 0x0A, 0xBB, 0x09, 0xEB, 0x08, 0x11, 0x08,
    0x30, 0x07, 0x47, 0x06, 0x58, 0x05, 0x63, 0x04, 0x6B, 0x03, 0x6F, 0x02,
    0x70, 0x01, 0x70, 0x00, 0x6F, 0xFF, 0x6F, 0xFE, 0x70, 0xFD, 0x74, 0xFC,
    0x7C, 0xFB, 0x88, 0xFA, 0x99, 0xF9, 0xB1, 0xF8, 0xD1, 0xF7, 0xF9, 0xF6,
    0x29, 0xF6, 0x64, 0xF5, 0xAA, 0xF4, 0xFA, 0xF3, 0x57, 0xF3, 0xC1, 0xF2,
    0x37, 0xF2, 0xBC, 0xF1, 0x4F, 0xF1, 0xF1, 0xF0, 0xA2, 0xF0, 0x62, 0xF0,
    0x33, 0xF0, 0x13, 0xF0, 0x03, 0xF0, 0x03, 0xF0, 0x13, 0xF0, 0x34, 0xF0,
    0x64, 0xF0, 0xA3, 0xF0, 0xF3, 0xF0, 0x51, 0xF1, 0xBE, 0xF1, 0x3A, 0xF2,
    0xC3, 0xF2, 0x5A, 0xF3, 0xFD, 0xF3, 0xAD, 0xF4, 0x68, 0xF5, 0x2E, 0xF6,
    0xFD, 0xF6, 0xD6, 0xF7, 0xB6, 0xF8, 0x9E, 0xF9, 0x8C, 0xFA, 0x80, 0xFB,
    0x79, 0xFC, 0x75, 0xFD, 0x73, 0xFE, 0x73, 0xFF, 0x74, 0x00, 0x74, 0x01,
    0x73, 0x02, 0x70, 0x03, 0x69, 0x04, 0x5D, 0x05, 0x4C, 0x06, 0x35, 0x07,
    0x16, 0x08, 0xEF, 0x08, 0xBF, 0x09, 0x86, 0x0A, 0x42, 0x0B, 0xF2, 0x0B,
    0x97, 0x0C, 0x2F, 0x0D, 0xBA, 0x0D, 0x37, 0x0E, 0xA5, 0x0E, 0x05, 0x0F,
    0x56, 0x0F, 0x97, 0x0F, 0xC9, 0x0F, 0xEA, 0x0F, 0xFC, 0x0F, 0xFE, 0x0F,
    0xEF, 0x0F, 0xD1, 0x0F, 0xA3, 0x0F, 0x65, 0x0F, 0x17, 0x0F, 0xBA, 0x0E,
    0x4F, 0x0E, 0xD5, 0x0D, 0x4D, 0x0D, 0xB8, 0x0C, 0x16, 0x0C, 0x68, 0x0B,
    0xAE, 0x0A, 0xE9, 0x09, 0x1B, 0x09, 0x43, 0x08, 0x64, 0x07, 0x7D, 0x06,
    0x8F, 0x05, 0x9C, 0x04, 0xA4, 0x03, 0xA8, 0x02, 0xAA, 0x01, 0xAA, 0x00,
    0xA9, 0xFF, 0xA8, 0xFE, 0xA9, 0xFD, 0xAD, 0xFC, 0xB3, 0xFB, 0xBF, 0xFA,
    0xCF, 0xF9, 0xE6, 0xF8, 0x04, 0xF8, 0x29, 0xF7, 0x58, 0xF6, 0x90, 0xF5,
    0xD3, 0xF4, 0x21, 0xF4, 0x7B, 0xF3, 0xE1, 0xF2, 0x55, 0xF2, 0xD7, 0xF1,
    0x67, 0xF1, 0x05, 0xF1, 0xB3, 0xF0, 0x70, 0xF0, 0x3C, 0xF0, 0x19, 0xF0,
    0x05, 0xF0, 0x02, 0xF0, 0x0E, 0xF0, 0x2B, 0xF0, 0x57, 0xF0, 0x94, 0xF0,
    0xDF, 0xF0, 0x3A, 0xF1, 0xA4, 0xF1, 0x1D, 0xF2, 0xA3, 0xF2, 0x37, 0xF3,
    0xD7, 0xF3, 0x84, 0xF4, 0x3D, 0xF5, 0xFF, 0xF5, 0xCD, 0xF6, 0xA3, 0xF7,
    0x82, 0xF8, 0x69, 0xF9, 0x56, 0xFA, 0x48, 0xFB, 0x40, 0xFC, 0x3B, 0xFD,
    0x39, 0xFE, 0x39, 0xFF, 0x3A, 0x00, 0x3B, 0x01, 0x3A, 0x02, 0x37, 0x03,
    0x31, 0x04, 0x25, 0x05, 0x16, 0x06, 0x00, 0x07, 0xE3, 0x07, 0xBE, 0x08,
    0x91, 0x09, 0x5A, 0x0A, 0x18, 0x0B, 0xCB, 0x0B, 0x73, 0x0C, 0x0E, 0x0D,
    0x9C, 0x0D, 0x1C, 0x0E, 0x8D, 0x0E, 0xF1, 0x0E, 0x45, 0x0F, 0x8A, 0x0F,
    0xBF, 0x0F, 0xE4, 0x0F, 0xFA, 0x0F, 0xFF, 0x0F, 0xF4, 0x0F, 0xD9, 0x0F,
    0xAF, 0x0F, 0x74, 0x0F, 0x2A, 0x0F, 0xD1, 0x0E, 0x68, 0x0E, 0xF2, 0x0D,
    0x6D, 0x0D, 0xDB, 0x0C, 0x3B, 0x0C, 0x91, 0x0B, 0xD9, 0x0A, 0x17, 0x0A,
    0x4B, 0x09, 0x76, 0x08, 0x97, 0x07, 0xB2, 0x06, 0xC5, 0x05, 0xD3, 0x04,
    0xDC, 0x03, 0xE1, 0x02, 0xE3, 0x01, 0xE4, 0x00, 0xE3, 0xFF, 0xE2, 0xFE,
    0xE3, 0xFD, 0xE7, 0xFC, 0xEC, 0xFB, 0xF6, 0xFA, 0x05, 0xFA, 0x1A, 0xF9,
    0x36, 0xF8, 0x5A, 0xF7, 0x87, 0xF6, 0xBD, 0xF5, 0xFD, 0xF4, 0x48, 0xF4,
    0x9F, 0xF3, 0x03, 0xF3, 0x74, 0xF2, 0xF2, 0xF1, 0x7F, 0xF1, 0x1A, 0xF1,
    0xC4, 0xF0, 0x7E, 0xF0, 0x47, 0xF0, 0x1F, 0xF0, 0x08, 0xF0, 0x01, 0xF0,
    0x0A, 0xF0, 0x23, 0xF0, 0x4C, 0xF0, 0x85, 0xF0, 0xCD, 0xF0, 0x24, 0xF1,
    0x8B, 0xF1, 0x00, 0xF2, 0x83, 0xF2, 0x14, 0xF3, 0xB1, 0xF3, 0x5C, 0xF4,
    0x11, 0xF5, 0xD2, 0xF5, 0x9D, 0xF6, 0x72, 0xF7, 0x4F, 0xF8, 0x34, 0xF9,
    0x20, 0xFA, 0x11, 0xFB, 0x08, 0xFC, 0x02, 0xFD, 0x00, 0xFE, 0xFF, 0xFE,
    0xFF, 0xFF, 0x00, 0x01, 0xFF, 0x01, 0xFD, 0x02, 0xF8, 0x03, 0xEE, 0x04,
    0xE0, 0x05, 0xCC, 0x06, 0xB0, 0x07, 0x8D, 0x08, 0x62, 0x09, 0x2D, 0x0A,
    0xEE, 0x0A, 0xA4, 0x0B, 0x4E, 0x0C, 0xEC, 0x0C, 0x7C, 0x0D, 0xFF, 0x0D,
    0x75, 0x0E, 0xDB, 0x0E, 0x33, 0x0F, 0x7B, 0x0F, 0xB4, 0x0F, 0xDD, 0x0F,
    0xF6, 0x0F, 0xFF, 0x0F, 0xF8, 0x0F, 0xE1, 0x0F, 0xBA, 0x0F, 0x83, 0x0F,
    0x3C, 0x0F, 0xE6, 0x0E, 0x82, 0x0E, 0x0E, 0x0E, 0x8D, 0x0D, 0xFD, 0x0C,
    0x61, 0x0C, 0xB8, 0x0B, 0x04, 0x0B, 0x44, 0x0A, 0x7A, 0x09, 0xA7, 0x08,
    0xCA, 0x07, 0xE6, 0x06, 0xFC, 0x05, 0x0B, 0x05, 0x15, 0x04, 0x1A, 0x03,
    0x1E, 0x02, 0x1E, 0x01, 0x1E, 0x00, 0x1D, 0xFF, 0x1D, 0xFE, 0x20, 0xFD,
    0x25, 0xFC, 0x2D, 0xFB, 0x3B, 0xFA, 0x4F, 0xF9, 0x69, 0xF8, 0x8B, 0xF7,
    0xB5, 0xF6, 0xE9, 0xF5, 0x27, 0xF5, 0x70, 0xF4, 0xC5, 0xF3, 0x26, 0xF3,
    0x93, 0xF2, 0x0F, 0xF2, 0x98, 0xF1, 0x30, 0xF1, 0xD6, 0xF0, 0x8C, 0xF0,
    0x52, 0xF0, 0x27, 0xF0, 0x0C, 0xF0, 0x01, 0xF0, 0x06, 0xF0, 0x1C, 0xF0,
    0x41, 0xF0, 0x76, 0xF0, 0xBB, 0xF0, 0x0F, 0xF1, 0x72, 0xF1, 0xE4, 0xF1,
    0x64, 0xF2, 0xF2, 0xF2, 0x8D, 0xF3, 0x34, 0xF4, 0xE7, 0xF4, 0xA6, 0xF5,
    0x6F, 0xF6, 0x41, 0xF7, 0x1C, 0xF8, 0xFF, 0xF8, 0xEA, 0xF9, 0xD9, 0xFA,
    0xCF, 0xFB, 0xC8, 0xFC, 0xC5, 0xFD, 0xC5, 0xFE, 0xC5, 0xFF, 0xC6, 0x00,
    0xC6, 0x01, 0xC4, 0x02, 0xBF, 0x03, 0xB7, 0x04, 0xAA, 0x05, 0x97, 0x06,
    0x7D, 0x07, 0x5C, 0x08, 0x33, 0x09, 0xFF, 0x09, 0xC3, 0x0A, 0x7B, 0x0B,
    0x28, 0x0C, 0xC9, 0x0C, 0x5D, 0x0D, 0xE3, 0x0D, 0x5B, 0x0E, 0xC5, 0x0E,
    0x20, 0x0F, 0x6C, 0x0F, 0xA9, 0x0F, 0xD5, 0x0F, 0xF2, 0x0F, 0xFE, 0x0F,
    0xFB, 0x0F, 0xE7, 0x0F, 0xC4, 0x0F, 0x91, 0x0F, 0x4E, 0x0F, 0xFB, 0x0E,
    0x9A, 0x0E, 0x2A, 0x0E, 0xAB, 0x0D, 0x1F, 0x0D, 0x86, 0x0C, 0xE0, 0x0B,
    0x2D, 0x0B, 0x70, 0x0A, 0xA9, 0x09, 0xD7, 0x08, 0xFD, 0x07, 0x1B, 0x07,
    0x32, 0x06, 0x42, 0x05, 0x4D, 0x04, 0x54, 0x03, 0x57, 0x02, 0x58, 0x01,
    0x58, 0x00, 0x57, 0xFF, 0x57, 0xFE, 0x59, 0xFD, 0x5D, 0xFC, 0x65, 0xFB,
    0x72, 0xFA, 0x84, 0xF9, 0x9D, 0xF8, 0xBD, 0xF7, 0xE6, 0xF6, 0x17, 0xF6,
    0x53, 0xF5, 0x99, 0xF4, 0xEB, 0xF3, 0x49, 0xF3, 0xB3, 0xF2, 0x2C, 0xF2,
    0xB2, 0xF1, 0x46, 0xF1, 0xE9, 0xF0, 0x9C, 0xF0, 0x5D, 0xF0, 0x2F, 0xF0,
    0x11, 0xF0, 0x02, 0xF0, 0x04, 0xF0, 0x15, 0xF0, 0x37, 0xF0, 0x69, 0xF0,
    0xAA, 0xF0, 0xFB, 0xF0, 0x5B, 0xF1, 0xC9, 0xF1, 0x46, 0xF2, 0xD0, 0xF2,
    0x68, 0xF3, 0x0D, 0xF4, 0xBE, 0xF4, 0x7A, 0xF5, 0x40, 0xF6, 0x10, 0xF7,
    0xE9, 0xF7, 0xCB, 0xF8, 0xB3, 0xF9, 0xA2, 0xFA, 0x97, 0xFB, 0x90, 0xFC,
    0x8C, 0xFD, 0x8B, 0xFE, 0x8B, 0xFF, 0x8C, 0x00, 0x8C, 0x01, 0x8B, 0x02,
    0x87, 0x03, 0x7F, 0x04, 0x72, 0x05, 0x61, 0x06, 0x49, 0x07, 0x2A, 0x08,
    0x02, 0x09, 0xD2, 0x09, 0x97, 0x0A, 0x53, 0x0B, 0x02, 0x0C, 0xA6, 0x0C,
    0x3C, 0x0D, 0xC6, 0x0D, 0x41, 0x0E, 0xAF, 0x0E, 0x0D, 0x0F, 0x5C, 0x0F,
    0x9C, 0x0F, 0xCC, 0x0F, 0xED, 0x0F, 0xFD, 0x0F, 0xFD, 0x0F, 0xED, 0x0F,
    0xCD, 0x0F, 0x9E, 0x0F, 0x5E, 0x0F, 0x0F, 0x0F, 0xB1, 0x0E, 0x44, 0x0E,
    0xC9, 0x0D, 0x40, 0x0D, 0xA9, 0x0C, 0x06, 0x0C, 0x58, 0x0B, 0x9D, 0x0A,
    0xD7, 0x09, 0x08, 0x09, 0x30, 0x08, 0x4F, 0x07, 0x67, 0x06, 0x79, 0x05,
    0x85, 0x04, 0x8D, 0x03, 0x91, 0x02, 0x92, 0x01, 0x92, 0x00, 0x91, 0xFF,
    0x91, 0xFE, 0x92, 0xFD, 0x96, 0xFC, 0x9E, 0xFB, 0xA9, 0xFA, 0xBA, 0xF9,
    0xD1, 0xF8, 0xEF, 0xF7, 0x16, 0xF7, 0x45, 0xF6, 0x7F, 0xF5, 0xC2, 0xF4,
    0x11, 0xF4, 0x6C, 0xF3, 0xD4, 0xF2, 0x49, 0xF2, 0xCC, 0xF1, 0x5D, 0xF1,
    0xFD, 0xF0, 0xAC, 0xF0, 0x6A, 0xF0, 0x38, 0xF0, 0x16, 0xF0, 0x04, 0xF0,
    0x02, 0xF0, 0x10, 0xF0, 0x2E, 0xF0, 0x5C, 0xF0, 0x9A, 0xF0, 0xE7, 0xF0,
    0x43, 0xF1, 0xAF, 0xF1, 0x28, 0xF2, 0xB0, 0xF2, 0x44, 0xF3, 0xE6, 0xF3,
    0x94, 0xF4, 0x4E, 0xF5, 0x12, 0xF6, 0xE0, 0xF6, 0xB7, 0xF7, 0x97, 0xF8,
    0x7E, 0xF9, 0x6C, 0xFA, 0x5F, 0xFB, 0x57, 0xFC, 0x53, 0xFD, 0x51, 0xFE,
    0x51, 0xFF, 0x52, 0x00, 0x51, 0x01, 0x50, 0x02, 0x4D, 0x03, 0x47, 0x04,
    0x3C, 0x05, 0x2B, 0x06, 0x15, 0x07, 0xF8, 0x07, 0xD2, 0x08, 0xA4, 0x09,
    0x6C, 0x0A, 0x29, 0x0B, 0xDB, 0x0B, 0x82, 0x0C, 0x1B, 0x0D, 0xA7, 0x0D,
    0x26, 0x0E, 0x97, 0x0E, 0xF9, 0x0E, 0x4C, 0x0F, 0x8F, 0x0F, 0xC3, 0x0F,
    0xE7, 0x0F, 0xFB, 0x0F, 0xFF, 0x0F, 0xF2, 0x0F, 0xD6, 0x0F, 0xAA, 0x0F,
    0x6E, 0x0F, 0x22, 0x0F, 0xC8, 0x0E, 0x5F, 0x0E, 0xE7, 0x0D, 0x61, 0x0D,
    0xCD, 0x0C, 0x2D, 0x0C, 0x80, 0x0B, 0xC8, 0x0A, 0x05, 0x0A, 0x38, 0x09,
    0x62, 0x08, 0x83, 0x07, 0x9C, 0x06, 0xB0, 0x05, 0xBD, 0x04, 0xC5, 0x03,
    0xCA, 0x02, 0xCD, 0x01, 0xCD, 0x00, 0xCC, 0xFF, 0xCC, 0xFE, 0xCC, 0xFD,
    0xD0, 0xFC, 0xD6, 0xFB, 0xE0, 0xFA, 0xEF, 0xF9, 0x05, 0xF9, 0x22, 0xF8,
    0x46, 0xF7, 0x74, 0xF6, 0xAA, 0xF5, 0xEC, 0xF4, 0x38, 0xF4, 0x91, 0xF3,
    0xF6, 0xF2, 0x68, 0xF2, 0xE7, 0xF1, 0x75, 0xF1, 0x12, 0xF1, 0xBD, 0xF0,
    0x78, 0xF0, 0x42, 0xF0, 0x1D, 0xF0, 0x07, 0xF0, 0x01, 0xF0, 0x0B, 0xF0,
    0x26, 0xF0, 0x50, 0xF0, 0x8B, 0xF0, 0xD4, 0xF0, 0x2D, 0xF1, 0x95, 0xF1,
    0x0B, 0xF2, 0x90, 0xF2, 0x22, 0xF3, 0xC0, 0xF3, 0x6C, 0xF4, 0x23, 0xF5,
    0xE4, 0xF5, 0xB0, 0xF6, 0x86, 0xF7, 0x64, 0xF8, 0x49, 0xF9, 0x35, 0xFA,
    0x27, 0xFB, 0x1E, 0xFC, 0x19, 0xFD, 0x16, 0xFE, 0x16, 0xFF, 0x17, 0x00,
    0x17, 0x01, 0x17, 0x02, 0x14, 0x03, 0x0E, 0x04, 0x05, 0x05, 0xF6, 0x05,
    0xE1, 0x06, 0xC5, 0x07, 0xA1, 0x08, 0x75, 0x09, 0x3F, 0x0A, 0xFF, 0x0A,
    0xB4, 0x0B, 0x5D, 0x0C, 0xF9, 0x0C, 0x89, 0x0D, 0x0B, 0x0E, 0x7F, 0x0E,
    0xE4, 0x0E, 0x3A, 0x0F, 0x81, 0x0F, 0xB8, 0x0F, 0xE0, 0x0F, 0xF8, 0x0F,
    0xFF, 0x0F, 0xF7, 0x0F, 0xDE, 0x0F, 0xB5, 0x0F, 0x7D, 0x0F, 0x35, 0x0F,
    0xDE, 0x0E, 0x78, 0x0E, 0x03, 0x0E, 0x80, 0x0D, 0xF0, 0x0C, 0x52, 0x0C,
    0xA8, 0x0B, 0xF3, 0x0A, 0x32, 0x0A, 0x67, 0x09, 0x93, 0x08, 0xB6, 0x07,
    0xD2, 0x06, 0xE6, 0x05, 0xF5, 0x04, 0xFE, 0x03, 0x04, 0x03, 0x06, 0x02,
    0x07, 0x01, 0x06, 0x00, 0x06, 0xFF, 0x06, 0xFE, 0x08, 0xFD, 0x0E, 0xFC,
    0x17, 0xFB, 0x25, 0xFA, 0x3A, 0xF9, 0x54, 0xF8, 0x78, 0xF7, 0xA3, 0xF6,
    0xD8, 0xF5, 0x17, 0xF5, 0x60, 0xF4, 0xB6, 0xF3, 0x18, 0xF3, 0x87, 0xF2,
    0x03, 0xF2, 0x8E, 0xF1, 0x27, 0xF1, 0xCF, 0xF0, 0x86, 0xF0, 0x4D, 0xF0,
    0x24, 0xF0, 0x0A, 0xF0, 0x01, 0xF0, 0x08, 0xF0, 0x1E, 0xF0, 0x45, 0xF0,
    0x7C, 0xF0, 0xC2, 0xF0, 0x18, 0xF1, 0x7C, 0xF1, 0xEF, 0xF1, 0x71, 0xF2,
    0xFF, 0xF2, 0x9B, 0xF3, 0x44, 0xF4, 0xF8, 0xF4, 0xB8, 0xF5, 0x81, 0xF6,
    0x54, 0xF7, 0x30, 0xF8, 0x14, 0xF9, 0xFF, 0xF9, 0xEF, 0xFA, 0xE5, 0xFB,
    0xE0, 0xFC, 0xDD, 0xFD, 0xDC, 0xFE, 0xDD, 0xFF, 0xDD, 0x00, 0xDD, 0x01,
    0xDB, 0x02, 0xD6, 0x03, 0xCD, 0x04, 0xC0, 0x05, 0xAB, 0x06, 0x91, 0x07,
    0x70, 0x08, 0x45, 0x09, 0x12, 0x0A, 0xD4, 0x0A, 0x8C, 0x0B, 0x37, 0x0C,
    0xD7, 0x0C, 0x69, 0x0D, 0xEF, 0x0D, 0x66, 0x0E, 0xCE, 0x0E, 0x28, 0x0F,
    0x72, 0x0F, 0xAD, 0x0F, 0xD8, 0x0F, 0xF4, 0x0F, 0xFF, 0x0F, 0xFA, 0x0F,
    0xE5, 0x0F, 0xC0, 0x0F, 0x8B, 0x0F, 0x47, 0x0F, 0xF3, 0x0E, 0x90, 0x0E,
    0x1F, 0x0E, 0x9F, 0x0D, 0x11, 0x0D, 0x77, 0x0C, 0xD0, 0x0B, 0x1D, 0x0B,
    0x5F, 0x0A, 0x96, 0x09, 0xC4, 0x08, 0xE9, 0x07, 0x06, 0x07, 0x1C, 0x06,
    0x2C, 0x05, 0x37, 0x04, 0x3D, 0x03, 0x40, 0x02, 0x41, 0x01, 0x40, 0x00,
    0x40, 0xFF, 0x40, 0xFE, 0x42, 0xFD, 0x47, 0xFC, 0x4F, 0xFB, 0x5C, 0xFA,
    0x6F, 0xF9, 0x88, 0xF8, 0xA9, 0xF7, 0xD2, 0xF6, 0x05, 0xF6, 0x41, 0xF5,
    0x89, 0xF4, 0xDB, 0xF3, 0x3A, 0xF3, 0xA6, 0xF2, 0x20, 0xF2, 0xA7, 0xF1,
    0x3D, 0xF1, 0xE2, 0xF0, 0x95, 0xF0, 0x59, 0xF0, 0x2C, 0xF0, 0x0F, 0xF0,
    0x02, 0xF0, 0x05, 0xF0, 0x18, 0xF0, 0x3B, 0xF0, 0x6E, 0xF0, 0xB1, 0xF0,
    0x03, 0xF1, 0x64, 0xF1, 0xD4, 0xF1, 0x52, 0xF2, 0xDE, 0xF2, 0x77, 0xF3,
    0x1C, 0xF4, 0xCE, 0xF4, 0x8B, 0xF5, 0x52, 0xF6, 0x24, 0xF7, 0xFE, 0xF7,
    0xE0, 0xF8, 0xC9, 0xF9, 0xB9, 0xFA, 0xAD, 0xFB, 0xA7, 0xFC, 0xA3, 0xFD,
    0xA2, 0xFE, 0xA3, 0xFF, 0xA3, 0x00, 0xA3, 0x01, 0xA1, 0x02, 0x9D, 0x03,
    0x95, 0x04, 0x88, 0x05, 0x76, 0x06, 0x5E, 0x07, 0x3E, 0x08, 0x16, 0x09,
    0xE4, 0x09, 0xA9, 0x0A, 0x63, 0x0B, 0x12, 0x0C, 0xB4, 0x0C, 0x49, 0x0D,
    0xD2, 0x0D, 0x4C, 0x0E, 0xB8, 0x0E, 0x15, 0x0F, 0x63, 0x0F, 0xA1, 0x0F,
    0xD0, 0x0F, 0xEF, 0x0F, 0xFE, 0x0F, 0xFC, 0x0F, 0xEB, 0x0F, 0xCA, 0x0F,
    0x99, 0x0F, 0x58, 0x0F, 0x07, 0x0F, 0xA8, 0x0E, 0x39, 0x0E, 0xBD, 0x0D,
    0x33, 0x0D, 0x9B, 0x0C, 0xF7, 0x0B, 0x47, 0x0B, 0x8B, 0x0A, 0xC5, 0x09,
    0xF5, 0x08, 0x1C, 0x08, 0x3A, 0x07, 0x52, 0x06, 0x63, 0x05, 0x6F, 0x04,
    0x76, 0x03, 0x79, 0x02, 0x7B, 0x01, 0x7B, 0x00, 0x7B, 0xFF, 0x7A, 0xFE,
    0x7C, 0xFD, 0x80, 0xFC, 0x87, 0xFB, 0x93, 0xFA, 0xA4, 0xF9, 0xBC, 0xF8,
    0xDB, 0xF7, 0x02, 0xF7, 0x33, 0xF6, 0x6D, 0xF5, 0xB1, 0xF4, 0x02, 0xF4,
    0x5E, 0xF3, 0xC7, 0xF2, 0x3E, 0xF2, 0xC2, 0xF1, 0x54, 0xF1, 0xF5, 0xF0,
    0xA5, 0xF0, 0x65, 0xF0, 0x35, 0xF0, 0x14, 0xF0, 0x03, 0xF0, 0x03, 0xF0,
    0x12, 0xF0, 0x32, 0xF0, 0x61, 0xF0, 0xA0, 0xF0, 0xEF, 0xF0, 0x4C, 0xF1,
    0xB9, 0xF1, 0x34, 0xF2, 0xBD, 0xF2, 0x53, 0xF3, 0xF6, 0xF3, 0xA5, 0xF4,
    0x5F, 0xF5, 0x24, 0xF6, 0xF3, 0xF6, 0xCB, 0xF7, 0xAC, 0xF8, 0x94, 0xF9,
    0x82, 0xFA, 0x76, 0xFB, 0x6D, 0xFC, 0x69, 0xFD, 0x68, 0xFE, 0x68, 0xFF,
    0x68, 0x00, 0x69, 0x01, 0x68, 0x02, 0x64, 0x03, 0x5D, 0x04, 0x52, 0x05,
    0x41, 0x06, 0x2A, 0x07, 0x0C, 0x08, 0xE6, 0x08, 0xB6, 0x09, 0x7D, 0x0A,
    0x39, 0x0B, 0xEB, 0x0B, 0x90, 0x0C, 0x28, 0x0D, 0xB4, 0x0D, 0x31, 0x0E,
    0xA0, 0x0E, 0x01, 0x0F, 0x52, 0x0F, 0x94, 0x0F, 0xC7, 0x0F, 0xE9, 0x0F,
    0xFC, 0x0F, 0xFE, 0x0F, 0xF0, 0x0F, 0xD3, 0x0F, 0xA5, 0x0F, 0x68, 0x0F,
    0x1B, 0x0F, 0xBF, 0x0E, 0x54, 0x0E, 0xDB, 0x0D, 0x54, 0x0D, 0xBF, 0x0C,
    0x1D, 0x0C, 0x70, 0x0B, 0xB6, 0x0A, 0xF2, 0x09, 0x24, 0x09, 0x4D, 0x08,
    0x6E, 0x07, 0x87, 0x06, 0x9A, 0x05, 0xA7, 0x04, 0xAF, 0x03, 0xB4, 0x02,
    0xB5, 0x01, 0xB5, 0x00, 0xB5, 0xFF, 0xB4, 0xFE, 0xB5, 0xFD, 0xB8, 0xFC,
    0xBF, 0xFB, 0xCA, 0xFA, 0xDA, 0xF9, 0xF0, 0xF8, 0x0D, 0xF8, 0x33, 0xF7,
    0x61, 0xF6, 0x99, 0xF5, 0xDB, 0xF4, 0x29, 0xF4, 0x82, 0xF3, 0xE8, 0xF2,
    0x5B, 0xF2, 0xDC, 0xF1, 0x6B, 0xF1, 0x09, 0xF1, 0xB6, 0xF0, 0x72, 0xF0,
    0x3E, 0xF0, 0x1A, 0xF0, 0x06, 0xF0, 0x01, 0xF0, 0x0D, 0xF0, 0x29, 0xF0,
    0x55, 0xF0, 0x90, 0xF0, 0xDC, 0xF0, 0x36, 0xF1, 0x9F, 0xF1, 0x17, 0xF2,
    0x9C, 0xF2, 0x30, 0xF3, 0xD0, 0xF3, 0x7C, 0xF4, 0x34, 0xF5, 0xF7, 0xF5,
    0xC4, 0xF6, 0x99, 0xF7, 0x78, 0xF8, 0x5E, 0xF9, 0x4B, 0xFA, 0x3D, 0xFB,
    0x35, 0xFC, 0x30, 0xFD, 0x2E, 0xFE, 0x2E, 0xFF, 0x2E, 0x00, 0x2F, 0x01,
    0x2E, 0x02, 0x2B, 0x03, 0x25, 0x04, 0x1B, 0x05, 0x0B, 0x06, 0xF5, 0x06,
    0xD9, 0x07, 0xB4, 0x08, 0x87, 0x09, 0x51, 0x0A, 0x10, 0x0B, 0xC4, 0x0B,
    0x6C, 0x0C, 0x07, 0x0D, 0x95, 0x0D, 0x16, 0x0E, 0x89, 0x0E, 0xEC, 0x0E,
    0x41, 0x0F, 0x87, 0x0F, 0xBD, 0x0F, 0xE3, 0x0F, 0xF9, 0x0F, 0xFF, 0x0F,
    0xF5, 0x0F, 0xDB, 0x0F, 0xB1, 0x0F, 0x77, 0x0F, 0x2E, 0x0F, 0xD5, 0x0E,
    0x6E, 0x0E, 0xF7, 0x0D, 0x73, 0x0D, 0xE2, 0x0C, 0x43, 0x0C, 0x98, 0x0B,
    0xE1, 0x0A, 0x20, 0x0A, 0x55, 0x09, 0x80, 0x08, 0xA2, 0x07, 0xBD, 0x06,
    0xD0, 0x05, 0xDF, 0x04, 0xE8, 0x03, 0xED, 0x02, 0xEF, 0x01, 0xEF, 0x00,
    0xEF, 0xFF, 0xEE, 0xFE, 0xEF, 0xFD, 0xF1, 0xFC, 0xF7, 0xFB, 0x01, 0xFB,
    0x10, 0xFA, 0x25, 0xF9, 0x41, 0xF8, 0x64, 0xF7, 0x90, 0xF6, 0xC6, 0xF5,
    0x05, 0xF5, 0x50, 0xF4, 0xA7, 0xF3, 0x0A, 0xF3, 0x7A, 0xF2, 0xF8, 0xF1,
    0x84, 0xF1, 0x1E, 0xF1, 0xC8, 0xF0, 0x80, 0xF0, 0x49, 0xF0, 0x21, 0xF0,
    0x09, 0xF0, 0x01, 0xF0, 0x09, 0xF0, 0x21, 0xF0, 0x4A, 0xF0, 0x82, 0xF0,
    0xC9, 0xF0, 0x20, 0xF1, 0x86, 0xF1, 0xFA, 0xF1, 0x7D, 0xF2, 0x0D, 0xF3,
    0xAA, 0xF3, 0x53, 0xF4, 0x09, 0xF5, 0xC9, 0xF5, 0x94, 0xF6, 0x68, 0xF7,
    0x45, 0xF8, 0x29, 0xF9, 0x15, 0xFA, 0x06, 0xFB, 0xFC, 0xFB, 0xF7, 0xFC,
    0xF4, 0xFD, 0xF4, 0xFE, 0xF4, 0xFF, 0xF5, 0x00, 0xF4, 0x01, 0xF1, 0x02,
    0xEC, 0x03, 0xE3, 0x04, 0xD5, 0x05, 0xC1, 0x06, 0xA6, 0x07, 0x83, 0x08,
    0x58, 0x09, 0x24, 0x0A, 0xE5, 0x0A, 0x9C, 0x0B, 0x47, 0x0C, 0xE5, 0x0C,
    0x76, 0x0D, 0xFA, 0x0D, 0x70, 0x0E, 0xD7, 0x0E, 0x2F, 0x0F, 0x78, 0x0F,
    0xB2, 0x0F, 0xDB, 0x0F, 0xF5, 0x0F, 0xFF, 0x0F, 0xF9, 0x0F, 0xE2, 0x0F,
    0xBC, 0x0F, 0x85, 0x0F, 0x40, 0x0F, 0xEA, 0x0E, 0x86, 0x0E, 0x13, 0x0E,
    0x93, 0x0D, 0x04, 0x0D, 0x69, 0x0C, 0xC0, 0x0B, 0x0C, 0x0B, 0x4D, 0x0A,
    0x84, 0x09, 0xB0, 0x08, 0xD5, 0x07, 0xF1, 0x06, 0x06, 0x06, 0x16, 0x05,
    0x20, 0x04, 0x26, 0x03, 0x29, 0x02, 0x29, 0x01, 0x2A, 0x00, 0x29, 0xFF,
    0x29, 0xFE, 0x2B, 0xFD, 0x30, 0xFC, 0x39, 0xFB, 0x46, 0xFA, 0x5A, 0xF9,
    0x74, 0xF8, 0x95, 0xF7, 0xBF, 0xF6, 0xF3, 0xF5, 0x30, 0xF5, 0x78, 0xF4,
    0xCC, 0xF3, 0x2C, 0xF3, 0x9A, 0xF2, 0x14, 0xF2, 0x9D, 0xF1, 0x34, 0xF1,
    0xDA, 0xF0, 0x8F, 0xF0, 0x54, 0xF0, 0x28, 0xF0, 0x0D, 0xF0, 0x01, 0xF0,
    0x06, 0xF0, 0x1A, 0xF0, 0x3F, 0xF0, 0x74, 0xF0, 0xB8, 0xF0, 0x0B, 0xF1,
    0x6D, 0xF1, 0xDF, 0xF1, 0x5E, 0xF2, 0xEB, 0xF2, 0x85, 0xF3, 0x2C, 0xF4,
    0xDF, 0xF4, 0x9D, 0xF5, 0x65, 0xF6, 0x37, 0xF7, 0x12, 0xF8, 0xF5, 0xF8,
    0xDF, 0xF9, 0xCF, 0xFA, 0xC4, 0xFB, 0xBE, 0xFC, 0xBA, 0xFD, 0xB9, 0xFE,
    0xB9, 0xFF, 0xBA, 0x00, 0xBA, 0x01, 0xB8, 0x02, 0xB4, 0x03, 0xAC, 0x04,
    0x9F, 0x05, 0x8C, 0x06, 0x73, 0x07, 0x52, 0x08, 0x29, 0x09, 0xF7, 0x09,
    0xBB, 0x0A, 0x73, 0x0B, 0x20, 0x0C, 0xC2, 0x0C, 0x56, 0x0D, 0xDD, 0x0D,
    0x56, 0x0E, 0xC1, 0x0E, 0x1D, 0x0F, 0x69, 0x0F, 0xA6, 0x0F, 0xD3, 0x0F,
    0xF1, 0x0F, 0xFE, 0x0F, 0xFC, 0x0F, 0xE9, 0x0F, 0xC6, 0x0F, 0x93, 0x0F,
    0x51, 0x0F, 0xFF, 0x0E, 0x9E, 0x0E, 0x2F, 0x0E, 0xB1, 0x0D, 0x26, 0x0D,
    0x8D, 0x0C, 0xE8, 0x0B, 0x36, 0x0B, 0x79, 0x0A, 0xB2, 0x09, 0xE1, 0x08,
    0x07, 0x08, 0x25, 0x07, 0x3C, 0x06, 0x4D, 0x05, 0x59, 0x04, 0x60, 0x03,
    0x63, 0x02, 0x64, 0x01, 0x64, 0x00, 0x63, 0xFF, 0x63, 0xFE, 0x64, 0xFD,
    0x69, 0xFC, 0x70, 0xFB, 0x7D, 0xFA, 0x8F, 0xF9, 0xA7, 0xF8, 0xC7, 0xF7,
    0xEF, 0xF6, 0x21, 0xF6, 0x5C, 0xF5, 0xA1, 0xF4, 0xF3, 0xF3, 0x50, 0xF3,
    0xBA, 0xF2, 0x32, 0xF2, 0xB7, 0xF1, 0x4B, 0xF1, 0xED, 0xF0, 0x9F, 0xF0,
    0x60, 0xF0, 0x31, 0xF0, 0x12, 0xF0, 0x03, 0xF0, 0x03, 0xF0, 0x14, 0xF0,
    0x35, 0xF0, 0x66, 0xF0, 0xA7, 0xF0, 0xF7, 0xF0, 0x56, 0xF1, 0xC4, 0xF1,
    0x40, 0xF2, 0xCA, 0xF2, 0x61, 0xF3, 0x05, 0xF4, 0xB5, 0xF4, 0x71, 0xF5,
    0x37, 0xF6, 0x07, 0xF7, 0xE0, 0xF7, 0xC0, 0xF8, 0xA9, 0xF9, 0x97, 0xFA,
    0x8B, 0xFB, 0x84, 0xFC, 0x80, 0xFD, 0x7F, 0xFE, 0x7F, 0xFF, 0x80, 0x00,
    0x80, 0x01, 0x7F, 0x02, 0x7B, 0x03, 0x74, 0x04, 0x68, 0x05, 0x57, 0x06,
    0x3F, 0x07, 0x20, 0x08, 0xF9, 0x08, 0xC8, 0x09, 0x8F, 0x0A, 0x4A, 0x0B,
    0xFA, 0x0B, 0x9E, 0x0C, 0x36, 0x0D, 0xC0, 0x0D, 0x3C, 0x0E, 0xAA, 0x0E,
    0x09, 0x0F, 0x59, 0x0F, 0x9A, 0x0F, 0xCB, 0x0F, 0xEC, 0x0F, 0xFD, 0x0F,
    0xFE, 0x0F, 0xEE, 0x0F, 0xCF, 0x0F, 0xA0, 0x0F, 0x61, 0x0F, 0x13, 0x0F,
    0xB6, 0x0E, 0x4A, 0x0E, 0xCF, 0x0D, 0x46, 0x0D, 0xB1, 0x0C, 0x0E, 0x0C,
    0x5F, 0x0B, 0xA5, 0x0A, 0xE1, 0x09, 0x12, 0x09, 0x3A, 0x08, 0x5A, 0x07,
    0x72, 0x06, 0x84, 0x05, 0x91, 0x04, 0x98, 0x03, 0x9C, 0x02, 0x9E, 0x01,
    0x9E, 0x00, 0x9D, 0xFF, 0x9D, 0xFE, 0x9E, 0xFD, 0xA1, 0xFC, 0xA8, 0xFB,
    0xB4, 0xFA, 0xC5, 0xF9, 0xDC, 0xF8, 0xFA, 0xF7, 0x20, 0xF7, 0x4F, 0xF6,
    0x87, 0xF5, 0xCB, 0xF4, 0x19, 0xF4, 0x74, 0xF3, 0xDB, 0xF2, 0x4F, 0xF2,
    0xD1, 0xF1, 0x62, 0xF1, 0x01, 0xF1, 0xAF, 0xF0, 0x6D, 0xF0, 0x3A, 0xF0,
    0x17, 0xF0, 0x05, 0xF0, 0x02, 0xF0, 0x0F, 0xF0, 0x2C, 0xF0, 0x5A, 0xF0,
    0x97, 0xF0, 0xE3, 0xF0, 0x3F, 0xF1, 0xAA, 0xF1, 0x22, 0xF2, 0xA9, 0xF2,
    0x3E, 0xF3, 0xDF, 0xF3, 0x8C, 0xF4, 0x45, 0xF5, 0x09, 0xF6, 0xD6, 0xF6,
    0xAD, 0xF7, 0x8D, 0xF8, 0x73, 0xF9, 0x61, 0xFA, 0x54, 0xFB, 0x4B, 0xFC,
    0x47, 0xFD, 0x45, 0xFE, 0x45, 0xFF, 0x46, 0x00, 0x46, 0x01, 0x45, 0x02,
    0x41, 0x03, 0x3B, 0x04, 0x31, 0x05, 0x21, 0x06, 0x0A, 0x07, 0xED, 0x07,
    0xC8, 0x08, 0x9A, 0x09, 0x63, 0x0A, 0x21, 0x0B, 0xD3, 0x0B, 0x7A, 0x0C,
    0x15, 0x0D, 0xA2, 0x0D, 0x21, 0x0E, 0x92, 0x0E, 0xF5, 0x0E, 0x48, 0x0F,
    0x8C, 0x0F, 0xC1, 0x0F, 0xE5, 0x0F, 0xFA, 0x0F, 0xFF, 0x0F, 0xF3, 0x0F,
    0xD8, 0x0F, 0xAC, 0x0F, 0x71, 0x0F, 0x26, 0x0F, 0xCC, 0x0E, 0x63, 0x0E,
    0xEC, 0x0D, 0x67, 0x0D, 0xD4, 0x0C, 0x34, 0x0C, 0x88, 0x0B, 0xD1, 0x0A,
    0x0E, 0x0A, 0x41, 0x09, 0x6B, 0x08, 0x8D, 0x07, 0xA7, 0x06, 0xBA, 0x05,
    0xC8, 0x04, 0xD1, 0x03, 0xD6, 0x02, 0xD8, 0x01, 0xD8, 0x00, 0xD8, 0xFF,
    0xD7, 0xFE, 0xD8, 0xFD, 0xDB, 0xFC, 0xE1, 0xFB, 0xEB, 0xFA, 0xFA, 0xF9,
    0x10, 0xF9, 0x2C, 0xF8, 0x50, 0xF7, 0x7D, 0xF6, 0xB3, 0xF5, 0xF4, 0xF4,
    0x40, 0xF4, 0x98, 0xF3, 0xFC, 0xF2, 0x6E, 0xF2, 0xED, 0xF1, 0x7A, 0xF1,
    0x16, 0xF1, 0xC1, 0xF0, 0x7B, 0xF0, 0x44, 0xF0, 0x1E, 0xF0, 0x07, 0xF0,
    0x01, 0xF0, 0x0B, 0xF0, 0x24, 0xF0, 0x4E, 0xF0, 0x87, 0xF0, 0xD1, 0xF0,
    0x29, 0xF1, 0x90, 0xF1, 0x05, 0xF2, 0x89, 0xF2, 0x1B, 0xF3, 0xB9, 0xF3,
    0x64, 0xF4, 0x1A, 0xF5, 0xDB, 0xF5, 0xA7, 0xF6, 0x7C, 0xF7, 0x59, 0xF8,
    0x3E, 0xF9, 0x2A, 0xFA, 0x1C, 0xFB, 0x13, 0xFC, 0x0E, 0xFD, 0x0B, 0xFE,
    0x0A, 0xFF, 0x0B, 0x00, 0x0C, 0x01, 0x0B, 0x02, 0x09, 0x03, 0x03, 0x04,
    0xF9, 0x04, 0xEB, 0x05, 0xD6, 0x06, 0xBB, 0x07, 0x97, 0x08, 0x6C, 0x09,
    0x36, 0x0A, 0xF7, 0x0A, 0xAC, 0x0B, 0x55, 0x0C, 0xF2, 0x0C, 0x83, 0x0D,
    0x05, 0x0E, 0x7A, 0x0E, 0xE0, 0x0E, 0x37, 0x0F, 0x7E, 0x0F, 0xB6, 0x0F,
    0xDF, 0x0F, 0xF7, 0x0F, 0xFF, 0x0F, 0xF7, 0x0F, 0xDF, 0x0F, 0xB7, 0x0F,
    0x80, 0x0F, 0x39, 0x0F, 0xE2, 0x0E, 0x7D, 0x0E, 0x09, 0x0E, 0x86, 0x0D,
    0xF6, 0x0C, 0x5A, 0x0C, 0xB0, 0x0B, 0xFB, 0x0A, 0x3B, 0x0A, 0x71, 0x09,
    0x9D, 0x08, 0xC0, 0x07, 0xDC, 0x06, 0xF1, 0x05, 0x00, 0x05, 0x0A, 0x04,
    0x0F, 0x03, 0x12, 0x02, 0x13, 0x01, 0x12, 0x00, 0x11, 0xFF, 0x12, 0xFE,
    0x14, 0xFD, 0x19, 0xFC, 0x22, 0xFB, 0x30, 0xFA, 0x44, 0xF9, 0x5F, 0xF8,
    0x81, 0xF7, 0xAC, 0xF6, 0xE1, 0xF5, 0x1F, 0xF5, 0x68, 0xF4, 0xBD, 0xF3,
    0x1F, 0xF3, 0x8D, 0xF2, 0x09, 0xF2, 0x93, 0xF1, 0x2B, 0xF1, 0xD3, 0xF0,
    0x89, 0xF0, 0x4F, 0xF0, 0x25, 0xF0, 0x0B, 0xF0, 0x01, 0xF0, 0x07, 0xF0,
    0x1D, 0xF0, 0x43, 0xF0, 0x79, 0xF0, 0xBE, 0xF0, 0x13, 0xF1, 0x77, 0xF1,
    0xEA, 0xF1, 0x6A, 0xF2, 0xF9, 0xF2, 0x94, 0xF3, 0x3C, 0xF4, 0xF0, 0xF4,
    0xAF, 0xF5, 0x78, 0xF6, 0x4B, 0xF7, 0x27, 0xF8, 0x09, 0xF9, 0xF4, 0xF9,
    0xE4, 0xFA, 0xDA, 0xFB, 0xD4, 0xFC, 0xD1, 0xFD, 0xD0, 0xFE, 0xD1, 0xFF,
    0xD1, 0x00, 0xD1, 0x01, 0xCF, 0x02, 0xCB, 0x03, 0xC2, 0x04, 0xB5, 0x05,
    0xA1, 0x06, 0x88, 0x07, 0x66, 0x08, 0x3C, 0x09, 0x09, 0x0A, 0xCB, 0x0A,
    0x83, 0x0B, 0x30, 0x0C, 0xD0, 0x0C, 0x63, 0x0D, 0xE9, 0x0D, 0x60, 0x0E,
    0xCA, 0x0E, 0x24, 0x0F, 0x6F, 0x0F, 0xAB, 0x0F, 0xD7, 0x0F, 0xF3, 0x0F,
    0xFF, 0x0F, 0xFA, 0x0F, 0xE6, 0x0F, 0xC2, 0x0F, 0x8E, 0x0F, 0x4A, 0x0F,
    0xF7, 0x0E, 0x95, 0x0E, 0x24, 0x0E, 0xA5, 0x0D, 0x18, 0x0D, 0x7E, 0x0C,
    0xD8, 0x0B, 0x25, 0x0B, 0x67, 0x0A, 0x9F, 0x09, 0xCE, 0x08, 0xF3, 0x07,
    0x11, 0x07, 0x27, 0x06, 0x37, 0x05, 0x42, 0x04, 0x48, 0x03, 0x4C, 0x02,
    0x4D, 0x01, 0x4C, 0x00, 0x4B, 0xFF, 0x4B, 0xFE, 0x4D, 0xFD, 0x52, 0xFC,
    0x5A, 0xFB, 0x67, 0xFA, 0x7A, 0xF9, 0x93, 0xF8, 0xB3, 0xF7, 0xDC, 0xF6,
    0x0E, 0xF6, 0x4A, 0xF5, 0x91, 0xF4, 0xE3, 0xF3, 0x42, 0xF3, 0xAD, 0xF2,
    0x26, 0xF2, 0xAC, 0xF1, 0x41, 0xF1, 0xE5, 0xF0, 0x98, 0xF0, 0x5B, 0xF0,
    0x2D, 0xF0, 0x10, 0xF0, 0x02, 0xF0, 0x04, 0xF0, 0x17, 0xF0, 0x39, 0xF0,
    0x6B, 0xF0, 0xAD, 0xF0, 0xFF, 0xF0, 0x5F, 0xF1, 0xCE, 0xF1, 0x4C, 0xF2,
    0xD7, 0xF2, 0x70, 0xF3, 0x15, 0xF4, 0xC6, 0xF4, 0x82, 0xF5, 0x49, 0xF6,
    0x1A, 0xF7, 0xF3, 0xF7, 0xD5, 0xF8, 0xBE, 0xF9, 0xAD, 0xFA, 0xA2, 0xFB,
    0x9B, 0xFC, 0x98, 0xFD, 0x96, 0xFE, 0x97, 0xFF, 0x98, 0x00, 0x98, 0x01,
    0x96, 0x02, 0x91, 0x03, 0x8A, 0x04, 0x7D, 0x05, 0x6C, 0x06, 0x53, 0x07,
    0x34, 0x08, 0x0C, 0x09, 0xDB, 0x09, 0xA0, 0x0A, 0x5B, 0x0B, 0x0A, 0x0C,
    0xAD, 0x0C, 0x43, 0x0D, 0xCC, 0x0D, 0x47, 0x0E, 0xB3, 0x0E, 0x11, 0x0F,
    0x5F, 0x0F, 0x9F, 0x0F, 0xCE, 0x0F, 0xEE, 0x0F, 0xFD, 0x0F, 0xFD, 0x0F,
    0xEC, 0x0F, 0xCC, 0x0F, 0x9B, 0x0F, 0x5B, 0x0F, 0x0B, 0x0F, 0xAC, 0x0E,
    0x3F, 0x0E, 0xC3, 0x0D, 0x39, 0x0D, 0xA3, 0x0C, 0xFF, 0x0B, 0x4F, 0x0B,
    0x94, 0x0A, 0xCE, 0x09, 0xFE, 0x08, 0x26, 0x08, 0x45, 0x07, 0x5C, 0x06,
    0x6E, 0x05, 0x7A, 0x04, 0x81, 0x03, 0x85, 0x02, 0x86, 0x01, 0x86, 0x00,
    0x85, 0xFF, 0x86, 0xFE, 0x87, 0xFD, 0x8B, 0xFC, 0x92, 0xFB, 0x9E, 0xFA,
    0xAF, 0xF9, 0xC7, 0xF8, 0xE5, 0xF7, 0x0C, 0xF7, 0x3C, 0xF6, 0x75, 0xF5,
    0xBA, 0xF4, 0x09, 0xF4, 0x65, 0xF3, 0xCD, 0xF2, 0x43, 0xF2, 0xC7, 0xF1,
    0x59, 0xF1, 0xF9, 0xF0, 0xA9, 0xF0, 0x68, 0xF0, 0x36, 0xF0, 0x15, 0xF0,
    0x04, 0xF0, 0x02, 0xF0, 0x11, 0xF0, 0x30, 0xF0, 0x5F, 0xF0, 0x9D, 0xF0,
    0xEB, 0xF0, 0x48, 0xF1, 0xB4, 0xF1, 0x2E, 0xF2, 0xB6, 0xF2, 0x4C, 0xF3,
    0xEE, 0xF3, 0x9C, 0xF4, 0x56, 0xF5, 0x1B, 0xF6, 0xEA, 0xF6, 0xC1, 0xF7,
    0xA1, 0xF8, 0x89, 0xF9, 0x77, 0xFA, 0x6A, 0xFB, 0x62, 0xFC, 0x5E, 0xFD,
    0x5C, 0xFE, 0x5C, 0xFF, 0x5D, 0x00, 0x5D, 0x01, 0x5C, 0x02, 0x59, 0x03,
    0x52, 0x04, 0x47, 0x05, 0x36, 0x06, 0x20, 0x07, 0x02, 0x08, 0xDC, 0x08,
    0xAD, 0x09, 0x75, 0x0A, 0x31, 0x0B, 0xE3, 0x0B, 0x89, 0x0C, 0x22, 0x0D,
    0xAE, 0x0D, 0x2C, 0x0E, 0x9C, 0x0E, 0xFD, 0x0E, 0x4F, 0x0F, 0x92, 0x0F,
    0xC5, 0x0F, 0xE8, 0x0F, 0xFB, 0x0F, 0xFE, 0x0F, 0xF1, 0x0F, 0xD4, 0x0F,
    0xA7, 0x0F, 0x6B, 0x0F, 0x1F, 0x0F, 0xC4, 0x0E, 0x59, 0x0E, 0xE1, 0x0D,
    0x5A, 0x0D, 0xC6, 0x0C, 0x25, 0x0C, 0x78, 0x0B, 0xBF, 0x0A, 0xFC, 0x09,
    0x2E, 0x09, 0x57, 0x08, 0x78, 0x07, 0x92, 0x06, 0xA5, 0x05, 0xB2, 0x04,
    0xBB, 0x03, 0xBF, 0x02, 0xC1, 0x01, 0xC1, 0x00, 0xC0, 0xFF, 0xC0, 0xFE,
    0xC1, 0xFD, 0xC4, 0xFC, 0xCA, 0xFB, 0xD5, 0xFA, 0xE5, 0xF9, 0xFA, 0xF8,
    0x18, 0xF8, 0x3C, 0xF7, 0x6A, 0xF6, 0xA1, 0xF5, 0xE4, 0xF4, 0x31, 0xF4,
    0x8A, 0xF3, 0xEF, 0xF2, 0x62, 0xF2, 0xE2, 0xF1, 0x70, 0xF1, 0x0D, 0xF1,
    0xBA, 0xF0, 0x75, 0xF0, 0x40, 0xF0, 0x1B, 0xF0, 0x06, 0xF0, 0x01, 0xF0,
    0x0C, 0xF0, 0x28, 0xF0, 0x52, 0xF0, 0x8D, 0xF0, 0xD8, 0xF0, 0x31, 0xF1,
    0x9A, 0xF1, 0x11, 0xF2, 0x96, 0xF2, 0x29, 0xF3, 0xC8, 0xF3, 0x74, 0xF4,
    0x2B, 0xF5, 0xEE, 0xF5, 0xBA, 0xF6, 0x90, 0xF7, 0x6E, 0xF8, 0x53, 0xF9,
    0x40, 0xFA, 0x32, 0xFB, 0x29, 0xFC, 0x24, 0xFD, 0x22, 0xFE, 0x22, 0xFF,
    0x23, 0x00, 0x23, 0x01, 0x22, 0x02, 0x20, 0x03, 0x1A, 0x04, 0x10, 0x05,
    0x01, 0x06, 0xEB, 0x06, 0xCF, 0x07, 0xAB, 0x08, 0x7E, 0x09, 0x48, 0x0A,
    0x07, 0x0B, 0xBC, 0x0B, 0x64, 0x0C, 0x00, 0x0D, 0x8F, 0x0D, 0x10, 0x0E,
    0x84, 0x0E, 0xE8, 0x0E, 0x3E, 0x0F, 0x84, 0x0F, 0xBB, 0x0F, 0xE1, 0x0F,
    0xF8, 0x0F, 0xFF, 0x0F, 0xF6, 0x0F, 0xDC, 0x0F, 0xB3, 0x0F, 0x7A, 0x0F,
    0x31, 0x0F, 0xD9, 0x0E, 0x73, 0x0E, 0xFD, 0x0D, 0x7A, 0x0D, 0xE9, 0x0C,
    0x4B, 0x0C, 0xA0, 0x0B, 0xEA, 0x0A, 0x29, 0x0A, 0x5E, 0x09, 0x8A, 0x08,
    0xAC, 0x07, 0xC7, 0x06, 0xDB, 0x05, 0xEA, 0x04, 0xF3, 0x03, 0xF8, 0x02,
    0xFB, 0x01, 0xFB, 0x00, 0xFB, 0xFF, 0xFA, 0xFE, 0xFA, 0xFD, 0xFD, 0xFC,
    0x02, 0xFC, 0x0C, 0xFB, 0x1A, 0xFA, 0x30, 0xF9, 0x4B, 0xF8, 0x6E, 0xF7,
    0x9A, 0xF6, 0xCF, 0xF5, 0x0E, 0xF5, 0x58, 0xF4, 0xAE, 0xF3, 0x11, 0xF3,
    0x80, 0xF2, 0xFE, 0xF1, 0x89, 0xF1, 0x22, 0xF1, 0xCB, 0xF0, 0x83, 0xF0,
    0x4B, 0xF0, 0x22, 0xF0, 0x0A, 0xF0, 0x01, 0xF0, 0x08, 0xF0, 0x20, 0xF0,
    0x47, 0xF0, 0x7F, 0xF0, 0xC6, 0xF0, 0x1C, 0xF1, 0x81, 0xF1, 0xF5, 0xF1,
    0x77, 0xF2, 0x06, 0xF3, 0xA3, 0xF3, 0x4C, 0xF4, 0x01, 0xF5, 0xC0, 0xF5,
    0x8A, 0xF6, 0x5E, 0xF7, 0x3A, 0xF8, 0x1F, 0xF9, 0x0A, 0xFA, 0xFB, 0xFA,
    0xF1, 0xFB, 0xEB, 0xFC, 0xE8, 0xFD, 0xE8, 0xFE, 0xE8, 0xFF, 0xE9, 0x00,
    0xE9, 0x01, 0xE6, 0x02, 0xE1, 0x03, 0xD8, 0x04, 0xCA, 0x05, 0xB6, 0x06,
    0x9C, 0x07, 0x7A, 0x08, 0x4F, 0x09, 0x1B, 0x0A, 0xDD, 0x0A, 0x94, 0x0B,
    0x3F, 0x0C, 0xDE, 0x0C, 0x70, 0x0D, 0xF4, 0x0D, 0x6B, 0x0E, 0xD3, 0x0E,
    0x2B, 0x0F, 0x75, 0x0F, 0xB0, 0x0F, 0xDA, 0x0F, 0xF4, 0x0F, 0xFF, 0x0F,
    0xF9, 0x0F, 0xE4, 0x0F, 0xBE, 0x0F, 0x88, 0x0F, 0x43, 0x0F, 0xEF, 0x0E,
    0x8B, 0x0E, 0x19, 0x0E, 0x99, 0x0D, 0x0B, 0x0D, 0x70, 0x0C, 0xC8, 0x0B,
    0x15, 0x0B, 0x56, 0x0A, 0x8D, 0x09, 0xBA, 0x08, 0xDF, 0x07, 0xFC, 0x06,
    0x11, 0x06, 0x21, 0x05, 0x2B, 0x04, 0x31, 0x03, 0x34, 0x02, 0x35, 0x01,
    0x35, 0x00, 0x34, 0xFF, 0x35, 0xFE, 0x37, 0xFD, 0x3B, 0xFC, 0x44, 0xFB,
    0x51, 0xFA, 0x64, 0xF9, 0x7E, 0xF8, 0x9F, 0xF7, 0xC9, 0xF6, 0xFC, 0xF5,
    0x39, 0xF5, 0x80, 0xF4, 0xD4, 0xF3, 0x33, 0xF3, 0xA0, 0xF2, 0x1A, 0xF2,
    0xA2, 0xF1, 0x39, 0xF1, 0xDE, 0xF0, 0x92, 0xF0, 0x56, 0xF0, 0x2A, 0xF0,
    0x0E, 0xF0, 0x01, 0xF0, 0x05, 0xF0, 0x19, 0xF0, 0x3D, 0xF0, 0x71, 0xF0,
    0xB4, 0xF0, 0x07, 0xF1, 0x69, 0xF1, 0xD9, 0xF1, 0x58, 0xF2, 0xE4, 0xF2,
    0x7E, 0xF3, 0x24, 0xF4, 0xD6, 0xF4, 0x94, 0xF5, 0x5C, 0xF6, 0x2D, 0xF7,
    0x08, 0xF8, 0xEA, 0xF8, 0xD4, 0xF9, 0xC4, 0xFA, 0xB9, 0xFB, 0xB2, 0xFC,
    0xAF, 0xFD, 0xAE, 0xFE, 0xAE, 0xFF, 0xAE, 0x00, 0xAE, 0x01, 0xAD, 0x02,
    0xA8, 0x03, 0xA0, 0x04, 0x94, 0x05, 0x81, 0x06, 0x68, 0x07, 0x48, 0x08,
    0x1F, 0x09, 0xEE, 0x09, 0xB2, 0x0A, 0x6B, 0x0B, 0x19, 0x0C, 0xBB, 0x0C,
    0x50, 0x0D, 0xD7, 0x0D, 0x51, 0x0E, 0xBC, 0x0E, 0x19, 0x0F, 0x66, 0x0F,
    0xA4, 0x0F, 0xD2, 0x0F, 0xF0, 0x0F, 0xFE, 0x0F, 0xFC, 0x0F, 0xEA, 0x0F,
    0xC8, 0x0F, 0x96, 0x0F, 0x54, 0x0F, 0x03, 0x0F, 0xA3, 0x0E, 0x34, 0x0E,
    0xB7, 0x0D, 0x2C, 0x0D, 0x94, 0x0C, 0xEF, 0x0B, 0x3E, 0x0B, 0x82, 0x0A,
    0xBB, 0x09, 0xEB, 0x08, 0x11, 0x08, 0x30, 0x07, 0x47, 0x06, 0x58, 0x05,
    0x63, 0x04, 0x6B, 0x03, 0x6F, 0x02, 0x70, 0x01, 0x70, 0x00, 0x6F, 0xFF,
    0x6F, 0xFE, 0x70, 0xFD, 0x74, 0xFC, 0x7C, 0xFB, 0x88, 0xFA, 0x99, 0xF9,
    0xB1, 0xF8, 0xD1, 0xF7, 0xF9, 0xF6, 0x29, 0xF6, 0x64, 0xF5, 0xAA, 0xF4,
    0xFA, 0xF3, 0x57, 0xF3, 0xC1, 0xF2, 0x37, 0xF2, 0xBC, 0xF1, 0x4F, 0xF1,
    0xF1, 0xF0, 0xA2, 0xF0, 0x62, 0xF0, 0x33, 0xF0, 0x13, 0xF0, 0x03, 0xF0,
    0x03, 0xF0, 0x13, 0xF0, 0x34, 0xF0, 0x64, 0xF0, 0xA3, 0xF0, 0xF3, 0xF0,
    0x51, 0xF1, 0xBE, 0xF1, 0x3A, 0xF2, 0xC3, 0xF2, 0x5A, 0xF3, 0xFD, 0xF3,
    0xAD, 0xF4, 0x68, 0xF5, 0x2E, 0xF6, 0xFD, 0xF6, 0xD6, 0xF7, 0xB6, 0xF8,
    0x9E, 0xF9, 0x8C, 0xFA, 0x80, 0xFB, 0x79, 0xFC, 0x75, 0xFD, 0x73, 0xFE,
    0x73, 0xFF, 0x74, 0x00, 0x74, 0x01, 0x73, 0x02, 0x70, 0x03, 0x69, 0x04,
    0x5D, 0x05, 0x4C, 0x06, 0x35, 0x07, 0x16, 0x08, 0xEF, 0x08, 0xBF, 0x09,
    0x86, 0x0A, 0x42, 0x0B, 0xF2, 0x0B, 0x97, 0x0C, 0x2F, 0x0D, 0xBA, 0x0D,
    0x37, 0x0E, 0xA5, 0x0E, 0x05, 0x0F, 0x56, 0x0F, 0x97, 0x0F, 0xC9, 0x0F,
    0xEA, 0x0F, 0xFC, 0x0F, 0xFE, 0x0F, 0xEF, 0x0F, 0xD1, 0x0F, 0xA3, 0x0F,
    0x65, 0x0F, 0x17, 0x0F, 0xBA, 0x0E, 0x4F, 0x0E, 0xD5, 0x0D, 0x4D, 0x0D,
    0xB8, 0x0C, 0x16, 0x0C, 0x68, 0x0B, 0xAE, 0x0A, 0xE9, 0x09, 0x1B, 0x09,
    0x44, 0x08, 0x64, 0x07, 0x7D, 0x06, 0x8F, 0x05, 0x9C, 0x04, 0xA4, 0x03,
    0xA8, 0x02, 0xAA, 0x01, 0xAA, 0x00, 0xA9, 0xFF, 0xA8, 0xFE, 0xA9, 0xFD,
    0xAD, 0xFC, 0xB3, 0xFB, 0xBF, 0xFA, 0xCF, 0xF9, 0xE6, 0xF8, 0x04, 0xF8,
    0x29, 0xF7, 0x58, 0xF6, 0x90, 0xF5, 0xD3, 0xF4, 0x21, 0xF4, 0x7B, 0xF3,
    0xE1, 0xF2, 0x55, 0xF2, 0xD7, 0xF1, 0x67, 0xF1, 0x05, 0xF1, 0xB3, 0xF0,
    0x70, 0xF0, 0x3C, 0xF0, 0x19, 0xF0, 0x05, 0xF0, 0x02, 0xF0, 0x0E, 0xF0,
    0x2B, 0xF0, 0x57, 0xF0, 0x94, 0xF0, 0xDF, 0xF0, 0x3A, 0xF1, 0xA4, 0xF1,
    0x1D, 0xF2, 0xA3, 0xF2, 0x37, 0xF3, 0xD7, 0xF3, 0x84, 0xF4, 0x3D, 0xF5,
    0xFF, 0xF5, 0xCD, 0xF6, 0xA3, 0xF7, 0x82, 0xF8, 0x69, 0xF9, 0x56, 0xFA,
    0x48, 0xFB, 0x40, 0xFC, 0x3B, 0xFD, 0x39, 0xFE, 0x39, 0xFF, 0x3A, 0x00,
    0x3B, 0x01, 0x3A, 0x02, 0x37, 0x03, 0x31, 0x04, 0x25, 0x05, 0x16, 0x06,
    0x00, 0x07, 0xE3, 0x07, 0xBE, 0x08, 0x91, 0x09, 0x5A, 0x0A, 0x18, 0x0B,
    0xCB, 0x0B, 0x73, 0x0C, 0x0E, 0x0D, 0x9C, 0x0D, 0x1C, 0x0E, 0x8D, 0x0E,
    0xF1, 0x0E, 0x45, 0x0F, 0x8A, 0x0F, 0xBF, 0x0F, 0xE4, 0x0F, 0xFA, 0x0F,
    0xFF, 0x0F, 0xF4, 0x0F, 0xD9, 0x0F, 0xAF, 0x0F, 0x74, 0x0F, 0x2A, 0x0F,
    0xD1, 0x0E, 0x68, 0x0E, 0xF2, 0x0D, 0x6D, 0x0D, 0xDB, 0x0C, 0x3B, 0x0C,
    0x91, 0x0B, 0xD9, 0x0A, 0x17, 0x0A, 0x4B, 0x09, 0x76, 0x08, 0x97, 0x07,
    0xB2, 0x06, 0xC5, 0x05, 0xD3, 0x04, 0xDC, 0x03, 0xE1, 0x02, 0xE3, 0x01,
    0xE4, 0x00, 0xE3, 0xFF, 0xE2, 0xFE, 0xE4, 0xFD, 0xE7, 0xFC, 0xEC, 0xFB,
    0xF6, 0xFA, 0x05, 0xFA, 0x1A, 0xF9, 0x36, 0xF8, 0x5A, 0xF7, 0x87, 0xF6,
    0xBD, 0xF5, 0xFD, 0xF4, 0x48, 0xF4, 0x9F, 0xF3, 0x03, 0xF3, 0x74, 0xF2,
    0xF2, 0xF1, 0x7F, 0xF1, 0x1A, 0xF1, 0xC4, 0xF0, 0x7E, 0xF0, 0x47, 0xF0,
    0x1F, 0xF0, 0x08, 0xF0, 0x01, 0xF0, 0x0A, 0xF0, 0x23, 0xF0, 0x4C, 0xF0,
    0x85, 0xF0, 0xCD, 0xF0, 0x24, 0xF1, 0x8B, 0xF1, 0x00, 0xF2, 0x83, 0xF2,
    0x14, 0xF3, 0xB1, 0xF3, 0x5C, 0xF4, 0x11, 0xF5, 0xD2, 0xF5, 0x9D, 0xF6,
    0x72, 0xF7, 0x4F, 0xF8, 0x34, 0xF9, 0x20, 0xFA, 0x11, 0xFB, 0x08, 0xFC,
    0x02, 0xFD, 0x00, 0xFE, 0xFF, 0xFE, 0xFF, 0xFF, 0x00, 0x01, 0xFF, 0x01,
    0xFD, 0x02, 0xF8, 0x03, 0xEE, 0x04, 0xE0, 0x05, 0xCC, 0x06, 0xB0, 0x07,
    0x8D, 0x08, 0x62, 0x09, 0x2D, 0x0A, 0xEE, 0x0A, 0xA4, 0x0B, 0x4E, 0x0C,
    0xEC, 0x0C, 0x7C, 0x0D, 0xFF, 0x0D, 0x75, 0x0E, 0xDB, 0x0E, 0x33, 0x0F,
    0x7B, 0x0F, 0xB4, 0x0F, 0xDD, 0x0F, 0xF6, 0x0F, 0xFF, 0x0F, 0xF8, 0x0F,
    0xE1, 0x0F, 0xBA, 0x0F, 0x83, 0x0F, 0x3C, 0x0F, 0xE6, 0x0E, 0x82, 0x0E,
    0x0E, 0x0E, 0x8D, 0x0D, 0xFD, 0x0C, 0x61, 0x0C, 0xB8, 0x0B, 0x04, 0x0B,
    0x44, 0x0A, 0x7A, 0x09, 0xA7, 0x08, 0xCA, 0x07, 0xE6, 0x06, 0xFC, 0x05,
    0x0B, 0x05, 0x15, 0x04, 0x1A, 0x03, 0x1E, 0x02, 0x1E, 0x01, 0x1E, 0x00,
    0x1D, 0xFF, 0x1D, 0xFE, 0x20, 0xFD, 0x25, 0xFC, 0x2D, 0xFB, 0x3B, 0xFA,
    0x4F, 0xF9, 0x69, 0xF8, 0x8B, 0xF7, 0xB5, 0xF6, 0xE9, 0xF5, 0x27, 0xF5,
    0x70, 0xF4, 0xC5, 0xF3, 0x26, 0xF3, 0x93, 0xF2, 0x0F, 0xF2, 0x98, 0xF1,
    0x30, 0xF1, 0xD6, 0xF0, 0x8C, 0xF0, 0x52, 0xF0, 0x27, 0xF0, 0x0C, 0xF0,
    0x01, 0xF0, 0x06, 0xF0, 0x1C, 0xF0, 0x41, 0xF0, 0x76, 0xF0, 0xBB, 0xF0,
    0x0F, 0xF1, 0x72, 0xF1, 0xE4, 0xF1, 0x64, 0xF2, 0xF2, 0xF2, 0x8D, 0xF3,
    0x34, 0xF4, 0xE7, 0xF4, 0xA6, 0xF5, 0x6F, 0xF6, 0x41, 0xF7, 0x1C, 0xF8,
    0xFF, 0xF8, 0xEA, 0xF9, 0xD9, 0xFA, 0xCF, 0xFB, 0xC8, 0xFC, 0xC5, 0xFD,
    0xC5, 0xFE, 0xC5, 0xFF, 0xC6, 0x00, 0xC6, 0x01, 0xC4, 0x02, 0xBF, 0x03,
    0xB7, 0x04, 0xAA, 0x05, 0x97, 0x06, 0x7D, 0x07, 0x5C, 0x08, 0x33, 0x09,
    0xFF, 0x09, 0xC3, 0x0A, 0x7B, 0x0B, 0x28, 0x0C, 0xC9, 0x0C, 0x5D, 0x0D,
    0xE3, 0x0D, 0x5B, 0x0E, 0xC5, 0x0E, 0x20, 0x0F, 0x6C, 0x0F, 0xA9, 0x0F,
    0xD5, 0x0F, 0xF2, 0x0F, 0xFE, 0x0F, 0xFB, 0x0F, 0xE7, 0x0F, 0xC4, 0x0F,
    0x91, 0x0F, 0x4E, 0x0F, 0xFB, 0x0E, 0x9A, 0x0E, 0x2A, 0x0E, 0xAB, 0x0D,
    0x1F, 0x0D, 0x86, 0x0C, 0xE0, 0x0B, 0x2D, 0x0B, 0x70, 0x0A, 0xA9, 0x09,
    0xD7, 0x08, 0xFD, 0x07, 0x1B, 0x07, 0x32, 0x06, 0x42, 0x05, 0x4D, 0x04,
    0x54, 0x03, 0x57, 0x02, 0x58, 0x01, 0x58, 0x00, 0x57, 0xFF, 0x57, 0xFE,
    0x59, 0xFD, 0x5D, 0xFC, 0x65, 0xFB, 0x72, 0xFA, 0x84, 0xF9, 0x9D, 0xF8,
    0xBD, 0xF7, 0xE6, 0xF6, 0x17, 0xF6, 0x53, 0xF5, 0x99, 0xF4, 0xEB, 0xF3,
    0x49, 0xF3, 0xB3, 0xF2, 0x2C, 0xF2, 0xB2, 0xF1, 0x46, 0xF1, 0xE9, 0xF0,
    0x9C, 0xF0, 0x5D, 0xF0, 0x2F, 0xF0, 0x11, 0xF0, 0x02, 0xF0, 0x04, 0xF0,
    0x15, 0xF0, 0x37, 0xF0, 0x69, 0xF0, 0xAA, 0xF0, 0xFB, 0xF0, 0x5B, 0xF1,
    0xC9, 0xF1, 0x46, 0xF2, 0xD0, 0xF2, 0x68, 0xF3, 0x0D, 0xF4, 0xBE, 0xF4,
    0x7A, 0xF5, 0x40, 0xF6, 0x10, 0xF7, 0xE9, 0xF7, 0xCB, 0xF8, 0xB3, 0xF9,
    0xA2, 0xFA, 0x97, 0xFB, 0x90, 0xFC, 0x8C, 0xFD, 0x8B, 0xFE, 0x8B, 0xFF,
    0x8C, 0x00, 0x8C, 0x01, 0x8B, 0x02, 0x87, 0x03, 0x7F, 0x04, 0x72, 0x05,
    0x61, 0x06, 0x49, 0x07, 0x2A, 0x08, 0x02, 0x09, 0xD2, 0x09, 0x97, 0x0A,
    0x53, 0x0B, 0x02, 0x0C, 0xA6, 0x0C, 0x3C, 0x0D, 0xC6, 0x0D, 0x41, 0x0E,
    0xAF, 0x0E, 0x0D, 0x0F, 0x5C, 0x0F, 0x9C, 0x0F, 0xCC, 0x0F, 0xED, 0x0F,
    0xFD, 0x0F, 0xFD, 0x0F, 0xED, 0x0F, 0xCD, 0x0F, 0x9E, 0x0F, 0x5E, 0x0F,
    0x0F, 0x0F, 0xB1, 0x0E, 0x44, 0x0E, 0xC9, 0x0D, 0x40, 0x0D, 0xA9, 0x0C,
    0x06, 0x0C, 0x58, 0x0B, 0x9D, 0x0A, 0xD7, 0x09, 0x08, 0x09, 0x30, 0x08,
    0x4F, 0x07, 0x67, 0x06, 0x79, 0x05, 0x85, 0x04, 0x8D, 0x03, 0x91, 0x02,
    0x92, 0x01, 0x92, 0x00, 0x91, 0xFF, 0x91, 0xFE, 0x92, 0xFD, 0x96, 0xFC,
    0x9E, 0xFB, 0xA9, 0xFA, 0xBA, 0xF9, 0xD1, 0xF8, 0xEF, 0xF7, 0x16, 0xF7,
    0x45, 0xF6, 0x7F, 0xF5, 0xC2, 0xF4, 0x11, 0xF4, 0x6C, 0xF3, 0xD4, 0xF2,
    0x49, 0xF2, 0xCC, 0xF1, 0x5D, 0xF1, 0xFD, 0xF0, 0xAC, 0xF0, 0x6A, 0xF0,
    0x38, 0xF0, 0x16, 0xF0, 0x04, 0xF0, 0x02, 0xF0, 0x10, 0xF0, 0x2E, 0xF0,
    0x5C, 0xF0, 0x9A, 0xF0, 0xE7, 0xF0, 0x43, 0xF1, 0xAF, 0xF1, 0x28, 0xF2,
    0xB0, 0xF2, 0x44, 0xF3, 0xE6, 0xF3, 0x94, 0xF4, 0x4E, 0xF5, 0x12, 0xF6,
    0xE0, 0xF6, 0xB7, 0xF7, 0x97, 0xF8, 0x7E, 0xF9, 0x6C, 0xFA, 0x5F, 0xFB,
    0x57, 0xFC, 0x53, 0xFD, 0x51, 0xFE, 0x51, 0xFF, 0x51, 0x00, 0x51, 0x01,
    0x50, 0x02, 0x4D, 0x03, 0x47, 0x04, 0x3C, 0x05, 0x2B, 0x06, 0x15, 0x07,
    0xF8, 0x07, 0xD2, 0x08, 0xA4, 0x09, 0x6C, 0x0A, 0x29, 0x0B, 0xDB, 0x0B,
    0x82, 0x0C, 0x1B, 0x0D, 0xA7, 0x0D, 0x26, 0x0E, 0x97, 0x0E, 0xF9, 0x0E,
    0x4C, 0x0F, 0x8F, 0x0F, 0xC3, 0x0F, 0xE7, 0x0F, 0xFB, 0x0F, 0xFF, 0x0F,
    0xF2, 0x0F, 0xD6, 0x0F, 0xAA, 0x0F, 0x6E, 0x0F, 0x22, 0x0F, 0xC8, 0x0E,
    0x5F, 0x0E, 0xE7, 0x0D, 0x61, 0x0D, 0xCD, 0x0C, 0x2D, 0x0C, 0x80, 0x0B,
    0xC8, 0x0A, 0x05, 0x0A, 0x38, 0x09, 0x62, 0x08, 0x83, 0x07, 0x9C, 0x06,
    0xB0, 0x05, 0xBD, 0x04, 0xC5, 0x03, 0xCA, 0x02, 0xCD, 0x01, 0xCD, 0x00,
    0xCC, 0xFF, 0xCC, 0xFE, 0xCC, 0xFD, 0xD0, 0xFC, 0xD6, 0xFB, 0xE0, 0xFA,
    0xEF, 0xF9, 0x05, 0xF9, 0x22, 0xF8, 0x46, 0xF7, 0x74, 0xF6, 0xAA, 0xF5,
    0xEC, 0xF4, 0x38, 0xF4, 0x91, 0xF3, 0xF6, 0xF2, 0x68, 0xF2, 0xE7, 0xF1,
    0x75, 0xF1, 0x12, 0xF1, 0xBD, 0xF0, 0x78, 0xF0, 0x42, 0xF0, 0x1D, 0xF0,
    0x07, 0xF0, 0x01, 0xF0, 0x0B, 0xF0, 0x26, 0xF0, 0x50, 0xF0, 0x8B, 0xF0,
    0xD4, 0xF0, 0x2D, 0xF1, 0x95, 0xF1, 0x0B, 0xF2, 0x90, 0xF2, 0x22, 0xF3,
    0xC0, 0xF3, 0x6C, 0xF4, 0x23, 0xF5, 0xE4, 0xF5, 0xB0, 0xF6, 0x86, 0xF7,
    0x64, 0xF8, 0x49, 0xF9, 0x35, 0xFA, 0x27, 0xFB, 0x1E, 0xFC, 0x19, 0xFD,
    0x16, 0xFE, 0x16, 0xFF, 0x17, 0x00, 0x17, 0x01, 0x17, 0x02, 0x14, 0x03,
    0x0E, 0x04, 0x05, 0x05, 0xF6, 0x05, 0xE1, 0x06, 0xC5, 0x07, 0xA1, 0x08,
    0x75, 0x09, 0x3F, 0x0A, 0xFF, 0x0A, 0xB4, 0x0B, 0x5D, 0x0C, 0xF9, 0x0C,
    0x89, 0x0D, 0x0B, 0x0E, 0x7F, 0x0E, 0xE4, 0x0E, 0x3A, 0x0F, 0x81, 0x0F,
    0xB8, 0x0F, 0xE0, 0x0F, 0xF8, 0x0F, 0xFF, 0x0F, 0xF7, 0x0F, 0xDE, 0x0F,
    0xB5, 0x0F, 0x7D, 0x0F, 0x35, 0x0F, 0xDE, 0x0E, 0x78, 0x0E, 0x03, 0x0E,
    0x80, 0x0D, 0xF0, 0x0C, 0x52, 0x0C, 0xA8, 0x0B, 0xF3, 0x0A, 0x32, 0x0A,
    0x67, 0x09, 0x93, 0x08, 0xB6, 0x07, 0xD2, 0x06, 0xE6, 0x05, 0xF5, 0x04,
    0xFE, 0x03, 0x04, 0x03, 0x06, 0x02, 0x07, 0x01, 0x06, 0x00, 0x06, 0xFF,
    0x06, 0xFE, 0x08, 0xFD, 0x0E, 0xFC, 0x17, 0xFB, 0x25, 0xFA, 0x3A, 0xF9,
    0x54, 0xF8, 0x78, 0xF7, 0xA3, 0xF6, 0xD8, 0xF5, 0x17, 0xF5, 0x60, 0xF4,
    0xB6, 0xF3, 0x18, 0xF3, 0x87, 0xF2, 0x03, 0xF2, 0x8E, 0xF1, 0x27, 0xF1,
    0xCF, 0xF0, 0x86, 0xF0, 0x4D, 0xF0, 0x24, 0xF0, 0x0A, 0xF0, 0x01, 0xF0,
    0x08, 0xF0, 0x1E, 0xF0, 0x45, 0xF0, 0x7C, 0xF0, 0xC2, 0xF0, 0x18, 0xF1,
    0x7C, 0xF1, 0xEF, 0xF1, 0x71, 0xF2, 0xFF, 0xF2, 0x9B, 0xF3, 0x44, 0xF4,
    0xF8, 0xF4, 0xB8, 0xF5, 0x81, 0xF6, 0x54, 0xF7, 0x30, 0xF8, 0x14, 0xF9,
    0xFF, 0xF9, 0xEF, 0xFA, 0xE5, 0xFB, 0xE0, 0xFC, 0xDD, 0xFD, 0xDC, 0xFE,
    0xDD, 0xFF, 0xDD, 0x00, 0xDD, 0x01, 0xDB, 0x02, 0xD6, 0x03, 0xCD, 0x04,
    0xC0, 0x05, 0xAB, 0x06, 0x91, 0x07, 0x70, 0x08, 0x45, 0x09, 0x12, 0x0A,
    0xD4, 0x0A, 0x8C, 0x0B, 0x37, 0x0C, 0xD7, 0x0C, 0x69, 0x0D, 0xEF, 0x0D,
    0x66, 0x0E, 0xCE, 0x0E, 0x28, 0x0F, 0x72, 0x0F, 0xAD, 0x0F, 0xD8, 0x0F,
    0xF4, 0x0F, 0xFF, 0x0F, 0xFA, 0x0F, 0xE5, 0x0F, 0xC0, 0x0F, 0x8B, 0x0F,
    0x47, 0x0F, 0xF3, 0x0E, 0x90, 0x0E, 0x1F, 0x0E, 0x9F, 0x0D, 0x11, 0x0D,
    0x77, 0x0C, 0xD0, 0x0B, 0x1D, 0x0B, 0x5F, 0x0A, 0x96, 0x09, 0xC4, 0x08,
    0xE9, 0x07, 0x06, 0x07, 0x1C, 0x06, 0x2C, 0x05, 0x37, 0x04, 0x3D, 0x03,
    0x40, 0x02, 0x41, 0x01, 0x40, 0x00, 0x40, 0xFF, 0x40, 0xFE, 0x42, 0xFD,
    0x47, 0xFC, 0x4F, 0xFB, 0x5C, 0xFA, 0x6F, 0xF9, 0x88, 0xF8, 0xA9, 0xF7,
    0xD2, 0xF6, 0x05, 0xF6, 0x41, 0xF5, 0x89, 0xF4, 0xDB, 0xF3, 0x3A, 0xF3,
    0xA6, 0xF2, 0x20, 0xF2, 0xA7, 0xF1, 0x3D, 0xF1, 0xE2, 0xF0, 0x95, 0xF0,
    0x59, 0xF0, 0x2C, 0xF0, 0x0F, 0xF0, 0x02, 0xF0, 0x05, 0xF0, 0x18, 0xF0,
    0x3B, 0xF0, 0x6E, 0xF0, 0xB1, 0xF0, 0x03, 0xF1, 0x64, 0xF1, 0xD4, 0xF1,
    0x52, 0xF2, 0xDE, 0xF2, 0x77, 0xF3, 0x1C, 0xF4, 0xCE, 0xF4, 0x8B, 0xF5,
    0x52, 0xF6, 0x24, 0xF7, 0xFE, 0xF7, 0xE0, 0xF8, 0xC9, 0xF9, 0xB9, 0xFA,
    0xAD, 0xFB, 0xA7, 0xFC, 0xA3, 0xFD, 0xA2, 0xFE, 0xA3, 0xFF, 0xA3, 0x00,
    0xA3, 0x01, 0xA1, 0x02, 0x9D, 0x03, 0x95, 0x04, 0x88, 0x05, 0x76, 0x06,
    0x5E, 0x07, 0x3E, 0x08, 0x16, 0x09, 0xE4, 0x09, 0xA9, 0x0A, 0x63, 0x0B,
    0x12, 0x0C, 0xB4, 0x0C, 0x49, 0x0D, 0xD2, 0x0D, 0x4C, 0x0E, 0xB8, 0x0E,
    0x15, 0x0F, 0x63, 0x0F, 0xA1, 0x0F, 0xD0, 0x0F, 0xEF, 0x0F, 0xFE, 0x0F,
    0xFC, 0x0F, 0xEB, 0x0F, 0xCA, 0x0F, 0x99, 0x0F, 0x58, 0x0F, 0x07, 0x0F,
    0xA8, 0x0E, 0x39, 0x0E, 0xBD, 0x0D, 0x33, 0x0D, 0x9B, 0x0C, 0xF7, 0x0B,
    0x47, 0x0B, 0x8B, 0x0A, 0xC5, 0x09, 0xF5, 0x08, 0x1C, 0x08, 0x3A, 0x07,
    0x52, 0x06, 0x63, 0x05, 0x6F, 0x04, 0x76, 0x03, 0x79, 0x02, 0x7C, 0x01,
    0x7B, 0x00, 0x7B, 0xFF, 0x7A, 0xFE, 0x7C, 0xFD, 0x80, 0xFC, 0x87, 0xFB,
    0x93, 0xFA, 0xA4, 0xF9, 0xBC, 0xF8, 0xDB, 0xF7, 0x02, 0xF7, 0x33, 0xF6,
    0x6D, 0xF5, 0xB1, 0xF4, 0x02, 0xF4, 0x5E, 0xF3, 0xC7, 0xF2, 0x3E, 0xF2,
    0xC2, 0xF1, 0x54, 0xF1, 0xF5, 0xF0, 0xA5, 0xF0, 0x65, 0xF0, 0x35, 0xF0,
    0x14, 0xF0, 0x03, 0xF0, 0x03, 0xF0, 0x12, 0xF0, 0x32, 0xF0, 0x61, 0xF0,
    0xA0, 0xF0, 0xEF, 0xF0, 0x4C, 0xF1, 0xB9, 0xF1, 0x34, 0xF2, 0xBD, 0xF2,
    0x53, 0xF3, 0xF6, 0xF3, 0xA5, 0xF4, 0x5F, 0xF5, 0x24, 0xF6, 0xF3, 0xF6,
    0xCB, 0xF7, 0xAC, 0xF8, 0x94, 0xF9, 0x82, 0xFA, 0x76, 0xFB, 0x6D, 0xFC,
    0x69, 0xFD, 0x68, 0xFE, 0x68, 0xFF, 0x68, 0x00, 0x69, 0x01, 0x68, 0x02,
    0x64, 0x03, 0x5D, 0x04, 0x52, 0x05, 0x41, 0x06, 0x2A, 0x07, 0x0C, 0x08,
    0xE6, 0x08, 0xB6, 0x09, 0x7D, 0x0A, 0x39, 0x0B, 0xEB, 0x0B, 0x90, 0x0C,
    0x28, 0x0D, 0xB4, 0x0D, 0x31, 0x0E, 0xA0, 0x0E, 0x01, 0x0F, 0x52, 0x0F,
    0x94, 0x0F, 0xC7, 0x0F, 0xE9, 0x0F, 0xFC, 0x0F, 0xFE, 0x0F, 0xF0, 0x0F,
    0xD3, 0x0F, 0xA5, 0x0F, 0x68, 0x0F, 0x1B, 0x0F, 0xBF, 0x0E, 0x54, 0x0E,
    0xDB, 0x0D, 0x54, 0x0D, 0xBF, 0x0C, 0x1D, 0x0C, 0x70, 0x0B, 0xB6, 0x0A,
    0xF2, 0x09, 0x24, 0x09, 0x4D, 0x08, 0x6E, 0x07, 0x87, 0x06, 0x9A, 0x05,
    0xA7, 0x04, 0xAF, 0x03, 0xB4, 0x02, 0xB5, 0x01, 0xB5, 0x00, 0xB5, 0xFF,
    0xB4, 0xFE, 0xB5, 0xFD, 0xB8, 0xFC, 0xBF, 0xFB, 0xCA, 0xFA, 0xDA, 0xF9,
    0xF0, 0xF8, 0x0D, 0xF8, 0x33, 0xF7, 0x61, 0xF6, 0x99, 0xF5, 0xDB, 0xF4,
    0x29, 0xF4, 0x82, 0xF3, 0xE8, 0xF2, 0x5B, 0xF2, 0xDC, 0xF1, 0x6B, 0xF1,
    0x09, 0xF1, 0xB6, 0xF0, 0x72, 0xF0, 0x3E, 0xF0, 0x1A, 0xF0, 0x06, 0xF0,
    0x01, 0xF0, 0x0D, 0xF0, 0x29, 0xF0, 0x55, 0xF0, 0x90, 0xF0, 0xDC, 0xF0,
    0x36, 0xF1, 0x9F, 0xF1, 0x17, 0xF2, 0x9C, 0xF2, 0x30, 0xF3, 0xD0, 0xF3,
    0x7C, 0xF4, 0x34, 0xF5, 0xF7, 0xF5, 0xC4, 0xF6, 0x99, 0xF7, 0x78, 0xF8,
    0x5E, 0xF9, 0x4B, 0xFA, 0x3D, 0xFB, 0x35, 0xFC, 0x30, 0xFD, 0x2E, 0xFE,
    0x2E, 0xFF, 0x2E, 0x00, 0x2F, 0x01, 0x2E, 0x02, 0x2B, 0x03, 0x25, 0x04,
    0x1B, 0x05, 0x0B, 0x06, 0xF5, 0x06, 0xD9, 0x07, 0xB4, 0x08, 0x87, 0x09,
    0x51, 0x0A, 0x10, 0x0B, 0xC4, 0x0B, 0x6C, 0x0C, 0x07, 0x0D, 0x95, 0x0D,
    0x16, 0x0E, 0x89, 0x0E, 0xEC, 0x0E, 0x41, 0x0F, 0x87, 0x0F, 0xBD, 0x0F,
    0xE3, 0x0F, 0xF9, 0x0F, 0xFF, 0x0F, 0xF5, 0x0F, 0xDB, 0x0F, 0xB1, 0x0F,
    0x77, 0x0F, 0x2E, 0x0F, 0xD5, 0x0E, 0x6E, 0x0E, 0xF7, 0x0D, 0x73, 0x0D,
    0xE2, 0x0C, 0x43, 0x0C, 0x98, 0x0B, 0xE1, 0x0A, 0x20, 0x0A, 0x55, 0x09,
    0x80, 0x08, 0xA2, 0x07, 0xBD, 0x06, 0xD0, 0x05, 0xDF, 0x04, 0xE8, 0x03,
    0xED, 0x02, 0xEF, 0x01, 0xEF, 0x00, 0xEF, 0xFF, 0xEE, 0xFE, 0xEF, 0xFD,
    0xF1, 0xFC, 0xF7, 0xFB, 0x01, 0xFB, 0x10, 0xFA, 0x25, 0xF9, 0x41, 0xF8,
    0x64, 0xF7, 0x90, 0xF6, 0xC6, 0xF5, 0x05, 0xF5, 0x50, 0xF4, 0xA7, 0xF3,
    0x0A, 0xF3, 0x7A, 0xF2, 0xF8, 0xF1, 0x84, 0xF1, 0x1E, 0xF1, 0xC8, 0xF0,
    0x80, 0xF0, 0x49, 0xF0, 0x21, 0xF0, 0x09, 0xF0, 0x01, 0xF0, 0x09, 0xF0,
    0x21, 0xF0, 0x4A, 0xF0, 0x82, 0xF0, 0xC9, 0xF0, 0x20, 0xF1, 0x86, 0xF1,
    0xFA, 0xF1, 0x7D, 0xF2, 0x0D, 0xF3, 0xAA, 0xF3, 0x53, 0xF4, 0x09, 0xF5,
    0xC9, 0xF5, 0x94, 0xF6, 0x68, 0xF7, 0x45, 0xF8, 0x29, 0xF9, 0x15, 0xFA,
    0x06, 0xFB, 0xFC, 0xFB, 0xF7, 0xFC, 0xF4, 0xFD, 0xF4, 0xFE, 0xF4, 0xFF,
    0xF5, 0x00, 0xF4, 0x01, 0xF1, 0x02, 0xEC, 0x03, 0xE3, 0x04, 0xD5, 0x05,
    0xC1, 0x06, 0xA6, 0x07, 0x83, 0x08, 0x58, 0x09, 0x24, 0x0A, 0xE5, 0x0A,
    0x9C, 0x0B, 0x47, 0x0C, 0xE5, 0x0C, 0x76, 0x0D, 0xFA, 0x0D, 0x70, 0x0E,
    0xD7, 0x0E, 0x2F, 0x0F, 0x78, 0x0F, 0xB2, 0x0F, 0xDB, 0x0F, 0xF5, 0x0F,
    0xFF, 0x0F, 0xF9, 0x0F, 0xE2, 0x0F, 0xBC, 0x0F, 0x85, 0x0F, 0x40, 0x0F,
    0xEA, 0x0E, 0x86, 0x0E, 0x13, 0x0E, 0x93, 0x0D, 0x04, 0x0D, 0x69, 0x0C,
    0xC0, 0x0B, 0x0C, 0x0B, 0x4D, 0x0A, 0x84, 0x09, 0xB0, 0x08, 0xD5, 0x07,
    0xF1, 0x06, 0x06, 0x06, 0x16, 0x05, 0x20, 0x04, 0x26, 0x03, 0x29, 0x02,
    0x29, 0x01, 0x2A, 0x00, 0x29, 0xFF, 0x29, 0xFE, 0x2B, 0xFD, 0x30, 0xFC,
    0x39, 0xFB, 0x46, 0xFA, 0x5A, 0xF9, 0x74, 0xF8, 0x95, 0xF7, 0xBF, 0xF6,
    0xF3, 0xF5, 0x30, 0xF5, 0x78, 0xF4, 0xCC, 0xF3, 0x2C, 0xF3, 0x9A, 0xF2,
    0x14, 0xF2, 0x9D, 0xF1, 0x34, 0xF1, 0xDA, 0xF0, 0x8F, 0xF0, 0x54, 0xF0,
    0x28, 0xF0, 0x0D, 0xF0, 0x01, 0xF0, 0x06, 0xF0, 0x1A, 0xF0, 0x3F, 0xF0,
    0x74, 0xF0, 0xB8, 0xF0, 0x0B, 0xF1, 0x6D, 0xF1, 0xDF, 0xF1, 0x5E, 0xF2,
    0xEB, 0xF2, 0x85, 0xF3, 0x2C, 0xF4, 0xDF, 0xF4, 0x9D, 0xF5, 0x65, 0xF6,
    0x37, 0xF7, 0x12, 0xF8, 0xF5, 0xF8, 0xDF, 0xF9, 0xCF, 0xFA, 0xC4, 0xFB,
    0xBD, 0xFC, 0xBA, 0xFD, 0xB9, 0xFE, 0xB9, 0xFF, 0xBA, 0x00, 0xBA, 0x01,
    0xB8, 0x02, 0xB4, 0x03, 0xAC, 0x04, 0x9F, 0x05, 0x8C, 0x06, 0x73, 0x07,
    0x52, 0x08, 0x29, 0x09, 0xF7, 0x09, 0xBB, 0x0A, 0x73, 0x0B, 0x20, 0x0C,
    0xC2, 0x0C, 0x56, 0x0D, 0xDD, 0x0D, 0x56, 0x0E, 0xC1, 0x0E, 0x1D, 0x0F,
    0x69, 0x0F, 0xA6, 0x0F, 0xD3, 0x0F, 0xF1, 0x0F, 0xFE, 0x0F, 0xFC, 0x0F,
    0xE9, 0x0F, 0xC6, 0x0F, 0x93, 0x0F, 0x51, 0x0F, 0xFF, 0x0E, 0x9E, 0x0E,
    0x2F, 0x0E, 0xB1, 0x0D, 0x26, 0x0D, 0x8D, 0x0C, 0xE8, 0x0B, 0x36, 0x0B,
    0x79, 0x0A, 0xB2, 0x09, 0xE1, 0x08, 0x07, 0x08, 0x25, 0x07, 0x3C, 0x06,
    0x4D, 0x05, 0x59, 0x04, 0x60, 0x03, 0x63, 0x02, 0x64, 0x01, 0x64, 0x00,
    0x63, 0xFF, 0x63, 0xFE, 0x64, 0xFD, 0x69, 0xFC, 0x70, 0xFB, 0x7D, 0xFA,
    0x8F, 0xF9, 0xA7, 0xF8, 0xC7, 0xF7, 0xEF, 0xF6, 0x21, 0xF6, 0x5C, 0xF5,
    0xA1, 0xF4, 0xF3, 0xF3, 0x50, 0xF3, 0xBA, 0xF2, 0x32, 0xF2, 0xB7, 0xF1,
    0x4B, 0xF1, 0xED, 0xF0, 0x9F, 0xF0, 0x60, 0xF0, 0x31, 0xF0, 0x12, 0xF0,
    0x03, 0xF0, 0x03, 0xF0, 0x14, 0xF0, 0x35, 0xF0, 0x66, 0xF0, 0xA7, 0xF0,
    0xF7, 0xF0, 0x56, 0xF1, 0xC4, 0xF1, 0x40, 0xF2, 0xCA, 0xF2, 0x61, 0xF3,
    0x05, 0xF4, 0xB5, 0xF4, 0x71, 0xF5, 0x37, 0xF6, 0x07, 0xF7, 0xE0, 0xF7,
    0xC0, 0xF8, 0xA9, 0xF9, 0x97, 0xFA, 0x8B, 0xFB, 0x84, 0xFC, 0x80, 0xFD,
    0x7F, 0xFE, 0x7F, 0xFF, 0x80, 0x00, 0x80, 0x01, 0x7F, 0x02, 0x7B, 0x03,
    0x74, 0x04, 0x68, 0x05, 0x57, 0x06, 0x3E, 0x07, 0x20, 0x08, 0xF9, 0x08,
    0xC8, 0x09, 0x8F, 0x0A, 0x4A, 0x0B, 0xFA, 0x0B, 0x9E, 0x0C, 0x36, 0x0D,
    0xC0, 0x0D, 0x3C, 0x0E, 0xAA, 0x0E, 0x09, 0x0F, 0x59, 0x0F, 0x9A, 0x0F,
    0xCB, 0x0F, 0xEC, 0x0F, 0xFD, 0x0F, 0xFE, 0x0F, 0xEE, 0x0F, 0xCF, 0x0F,
    0xA0, 0x0F, 0x61, 0x0F, 0x13, 0x0F, 0xB6, 0x0E, 0x4A, 0x0E, 0xCF, 0x0D,
    0x46, 0x0D, 0xB1, 0x0C, 0x0E, 0x0C, 0x5F, 0x0B, 0xA5, 0x0A, 0xE1, 0x09,
    0x12, 0x09, 0x3A, 0x08, 0x5A, 0x07, 0x72, 0x06, 0x84, 0x05, 0x91, 0x04,
    0x98, 0x03, 0x9C, 0x02, 0x9E, 0x01, 0x9E, 0x00, 0x9D, 0xFF, 0x9D, 0xFE,
    0x9E, 0xFD, 0xA1, 0xFC, 0xA8, 0xFB, 0xB4, 0xFA, 0xC5, 0xF9, 0xDC, 0xF8,
    0xFA, 0xF7, 0x20, 0xF7, 0x4F, 0xF6, 0x87, 0xF5, 0xCB, 0xF4, 0x19, 0xF4,
    0x74, 0xF3, 0xDB, 0xF2, 0x4F, 0xF2, 0xD1, 0xF1, 0x62, 0xF1, 0x01, 0xF1,
    0xAF, 0xF0, 0x6D, 0xF0, 0x3A, 0xF0, 0x17, 0xF0, 0x05, 0xF0, 0x02, 0xF0,
    0x0F, 0xF0, 0x2C, 0xF0, 0x5A, 0xF0, 0x97, 0xF0, 0xE3, 0xF0, 0x3F, 0xF1,
    0xAA, 0xF1, 0x22, 0xF2, 0xA9, 0xF2, 0x3E, 0xF3, 0xDF, 0xF3, 0x8C, 0xF4,
    0x45, 0xF5, 0x09, 0xF6, 0xD6, 0xF6, 0xAD, 0xF7, 0x8D, 0xF8, 0x73, 0xF9,
    0x61, 0xFA, 0x54, 0xFB, 0x4B, 0xFC, 0x47, 0xFD, 0x45, 0xFE, 0x45, 0xFF,
    0x46, 0x00, 0x46, 0x01, 0x45, 0x02, 0x41, 0x03, 0x3B, 0x04, 0x31, 0x05,
    0x21, 0x06, 0x0A, 0x07, 0xED, 0x07, 0xC8, 0x08, 0x9A, 0x09, 0x63, 0x0A,
    0x21, 0x0B, 0xD3, 0x0B, 0x7A, 0x0C, 0x15, 0x0D, 0xA2, 0x0D, 0x21, 0x0E,
    0x92, 0x0E, 0xF5, 0x0E, 0x48, 0x0F, 0x8C, 0x0F, 0xC1, 0x0F, 0xE5, 0x0F,
    0xFA, 0x0F, 0xFF, 0x0F, 0xF3, 0x0F, 0xD8, 0x0F, 0xAC, 0x0F, 0x71, 0x0F,
    0x26, 0x0F, 0xCC, 0x0E, 0x63, 0x0E, 0xEC, 0x0D, 0x67, 0x0D, 0xD4, 0x0C,
    0x34, 0x0C, 0x88, 0x0B, 0xD1, 0x0A, 0x0E, 0x0A, 0x41, 0x09, 0x6B, 0x08,
    0x8D, 0x07, 0xA7, 0x06, 0xBA, 0x05, 0xC8, 0x04, 0xD1, 0x03, 0xD6, 0x02,
    0xD8, 0x01, 0xD8, 0x00, 0xD8, 0xFF, 0xD7, 0xFE, 0xD8, 0xFD, 0xDB, 0xFC,
    0xE1, 0xFB, 0xEB, 0xFA, 0xFA, 0xF9, 0x10, 0xF9, 0x2C, 0xF8, 0x50, 0xF7,
    0x7D, 0xF6, 0xB3, 0xF5, 0xF4, 0xF4, 0x40, 0xF4, 0x98, 0xF3, 0xFC, 0xF2,
    0x6E, 0xF2, 0xED, 0xF1, 0x7A, 0xF1, 0x16, 0xF1, 0xC1, 0xF0, 0x7B, 0xF0,
    0x44, 0xF0, 0x1E, 0xF0, 0x07, 0xF0, 0x01, 0xF0, 0x0B, 0xF0, 0x24, 0xF0,
    0x4E, 0xF0, 0x87, 0xF0, 0xD1, 0xF0, 0x29, 0xF1, 0x90, 0xF1, 0x05, 0xF2,
    0x89, 0xF2, 0x1B, 0xF3, 0xB9, 0xF3, 0x64, 0xF4, 0x1A, 0xF5, 0xDB, 0xF5,
    0xA7, 0xF6, 0x7C, 0xF7, 0x59, 0xF8, 0x3E, 0xF9, 0x2A, 0xFA, 0x1C, 0xFB,
    0x13, 0xFC, 0x0E, 0xFD, 0x0B, 0xFE, 0x0A, 0xFF, 0x0B, 0x00, 0x0C, 0x01,
    0x0B, 0x02, 0x09, 0x03, 0x03, 0x04, 0xF9, 0x04, 0xEB, 0x05, 0xD6, 0x06,
    0xBB, 0x07, 0x97, 0x08, 0x6C, 0x09, 0x36, 0x0A, 0xF7, 0x0A, 0xAC, 0x0B,
    0x55, 0x0C, 0xF2, 0x0C, 0x83, 0x0D, 0x05, 0x0E, 0x7A, 0x0E, 0xE0, 0x0E,
    0x37, 0x0F, 0x7E, 0x0F, 0xB6, 0x0F, 0xDF, 0x0F, 0xF7, 0x0F, 0xFF, 0x0F,
    0xF7, 0x0F, 0xDF, 0x0F, 0xB7, 0x0F, 0x80, 0x0F, 0x39, 0x0F, 0xE2, 0x0E,
    0x7D, 0x0E, 0x09, 0x0E, 0x86, 0x0D, 0xF6, 0x0C, 0x5A, 0x0C, 0xB0, 0x0B,
    0xFB, 0x0A, 0x3B, 0x0A, 0x71, 0x09, 0x9D, 0x08, 0xC0, 0x07, 0xDC, 0x06,
    0xF1, 0x05, 0x00, 0x05, 0x0A, 0x04, 0x0F, 0x03, 0x12, 0x02, 0x13, 0x01,
    0x12, 0x00, 0x11, 0xFF, 0x12, 0xFE, 0x14, 0xFD, 0x19, 0xFC, 0x22, 0xFB,
    0x30, 0xFA, 0x44, 0xF9, 0x5F, 0xF8, 0x81, 0xF7, 0xAC, 0xF6, 0xE1, 0xF5,
    0x1F, 0xF5, 0x68, 0xF4, 0xBD, 0xF3, 0x1F, 0xF3, 0x8D, 0xF2, 0x09, 0xF2,
    0x93, 0xF1, 0x2B, 0xF1, 0xD3, 0xF0, 0x89, 0xF0, 0x4F, 0xF0, 0x25, 0xF0,
    0x0B, 0xF0, 0x01, 0xF0, 0x07, 0xF0, 0x1D, 0xF0, 0x43, 0xF0, 0x79, 0xF0,
    0xBE, 0xF0, 0x13, 0xF1, 0x77, 0xF1, 0xEA, 0xF1, 0x6A, 0xF2, 0xF9, 0xF2,
    0x94, 0xF3, 0x3C, 0xF4, 0xF0, 0xF4, 0xAF, 0xF5, 0x78, 0xF6, 0x4B, 0xF7,
    0x27, 0xF8, 0x09, 0xF9, 0xF4, 0xF9, 0xE4, 0xFA, 0xDA, 0xFB, 0xD4, 0xFC,
    0xD1, 0xFD, 0xD0, 0xFE, 0xD1, 0xFF, 0xD1, 0x00, 0xD1, 0x01, 0xCF, 0x02,
    0xCB, 0x03, 0xC2, 0x04, 0xB5, 0x05, 0xA1, 0x06, 0x88, 0x07, 0x66, 0x08,
    0x3C, 0x09, 0x09, 0x0A, 0xCB, 0x0A, 0x83, 0x0B, 0x30, 0x0C, 0xD0, 0x0C,
    0x63, 0x0D, 0xE9, 0x0D, 0x60, 0x0E, 0xCA, 0x0E, 0x24, 0x0F, 0x6F, 0x0F,
    0xAB, 0x0F, 0xD7, 0x0F, 0xF3, 0x0F, 0xFF, 0x0F, 0xFA, 0x0F, 0xE6, 0x0F,
    0xC2, 0x0F, 0x8E, 0x0F, 0x4A, 0x0F, 0xF7, 0x0E, 0x95, 0x0E, 0x24, 0x0E,
    0xA5, 0x0D, 0x18, 0x0D, 0x7E, 0x0C, 0xD8, 0x0B, 0x25, 0x0B, 0x67, 0x0A,
    0x9F, 0x09, 0xCE, 0x08, 0xF3, 0x07, 0x11, 0x07, 0x27, 0x06, 0x37, 0x05,
    0x42, 0x04, 0x48, 0x03, 0x4C, 0x02, 0x4D, 0x01, 0x4C, 0x00, 0x4B, 0xFF,
    0x4B, 0xFE, 0x4D, 0xFD, 0x52, 0xFC, 0x5A, 0xFB, 0x67, 0xFA, 0x7A, 0xF9,
    0x93, 0xF8, 0xB3, 0xF7, 0xDC, 0xF6, 0x0E, 0xF6, 0x4A, 0xF5, 0x91, 0xF4,
    0xE3, 0xF3, 0x42, 0xF3, 0xAD, 0xF2, 0x26, 0xF2, 0xAC, 0xF1, 0x41, 0xF1,
    0xE5, 0xF0, 0x98, 0xF0, 0x5B, 0xF0, 0x2D, 0xF0, 0x10, 0xF0, 0x02, 0xF0,
    0x04, 0xF0, 0x17, 0xF0, 0x39, 0xF0, 0x6B, 0xF0, 0xAD, 0xF0, 0xFF, 0xF0,
    0x5F, 0xF1, 0xCE, 0xF1, 0x4C, 0xF2, 0xD7, 0xF2, 0x70, 0xF3, 0x15, 0xF4,
    0xC6, 0xF4, 0x82, 0xF5, 0x49, 0xF6, 0x1A, 0xF7, 0xF3, 0xF7, 0xD5, 0xF8,
    0xBE, 0xF9, 0xAD, 0xFA, 0xA2, 0xFB, 0x9B, 0xFC, 0x98, 0xFD, 0x96, 0xFE,
    0x97, 0xFF, 0x98, 0x00, 0x98, 0x01, 0x96, 0x02, 0x91, 0x03, 0x8A, 0x04,
    0x7D, 0x05, 0x6C, 0x06, 0x53, 0x07, 0x34, 0x08, 0x0C, 0x09, 0xDB, 0x09,
    0xA0, 0x0A, 0x5B, 0x0B, 0x0A, 0x0C, 0xAD, 0x0C, 0x43, 0x0D, 0xCC, 0x0D,
    0x47, 0x0E, 0xB3, 0x0E, 0x11, 0x0F, 0x5F, 0x0F, 0x9F, 0x0F, 0xCE, 0x0F,
    0xEE, 0x0F, 0xFD, 0x0F, 0xFD, 0x0F, 0xEC, 0x0F, 0xCC, 0x0F, 0x9B, 0x0F,
    0x5B, 0x0F, 0x0B, 0x0F, 0xAC, 0x0E, 0x3F, 0x0E, 0xC3, 0x0D, 0x39, 0x0D,
    0xA3, 0x0C, 0xFF, 0x0B, 0x4F, 0x0B, 0x94, 0x0A, 0xCE, 0x09, 0xFE, 0x08,
    0x26, 0x08, 0x45, 0x07, 0x5C, 0x06, 0x6E, 0x05, 0x7A, 0x04, 0x81, 0x03,
    0x85, 0x02, 0x86, 0x01, 0x86, 0x00, 0x85, 0xFF, 0x86, 0xFE, 0x87, 0xFD,
    0x8B, 0xFC, 0x92, 0xFB, 0x9E, 0xFA, 0xAF, 0xF9, 0xC7, 0xF8, 0xE5, 0xF7,
    0x0C, 0xF7, 0x3C, 0xF6, 0x75, 0xF5, 0xBA, 0xF4, 0x09, 0xF4, 0x65, 0xF3,
    0xCD, 0xF2, 0x43, 0xF2, 0xC7, 0xF1, 0x59, 0xF1, 0xF9, 0xF0, 0xA9, 0xF0,
    0x68, 0xF0, 0x36, 0xF0, 0x15, 0xF0, 0x04, 0xF0, 0x02, 0xF0, 0x11, 0xF0,
    0x30, 0xF0, 0x5F, 0xF0, 0x9D, 0xF0, 0xEB, 0xF0, 0x48, 0xF1, 0xB4, 0xF1,
    0x2E, 0xF2, 0xB6, 0xF2, 0x4C, 0xF3, 0xEE, 0xF3, 0x9C, 0xF4, 0x56, 0xF5,
    0x1B, 0xF6, 0xEA, 0xF6, 0xC1, 0xF7, 0xA1, 0xF8, 0x89, 0xF9, 0x77, 0xFA,
    0x6A, 0xFB, 0x62, 0xFC, 0x5E, 0xFD, 0x5C, 0xFE, 0x5C, 0xFF, 0x5D, 0x00,
    0x5D, 0x01, 0x5C, 0x02, 0x59, 0x03, 0x52, 0x04, 0x47, 0x05, 0x36, 0x06,
    0x20, 0x07, 0x02, 0x08, 0xDC, 0x08, 0xAD, 0x09, 0x75, 0x0A, 0x31, 0x0B,
    0xE3, 0x0B, 0x89, 0x0C, 0x22, 0x0D, 0xAE, 0x0D, 0x2C, 0x0E, 0x9C, 0x0E,
    0xFD, 0x0E, 0x4F, 0x0F, 0x92, 0x0F, 0xC5, 0x0F, 0xE8, 0x0F, 0xFB, 0x0F,
    0xFE, 0x0F, 0xF1, 0x0F, 0xD4, 0x0F, 0xA7, 0x0F, 0x6B, 0x0F, 0x1F, 0x0F,
    0xC4, 0x0E, 0x59, 0x0E, 0xE1, 0x0D, 0x5A, 0x0D, 0xC6, 0x0C, 0x25, 0x0C,
    0x78, 0x0B, 0xBF, 0x0A, 0xFC, 0x09, 0x2E, 0x09, 0x57, 0x08, 0x78, 0x07,
    0x92, 0x06, 0xA5, 0x05, 0xB2, 0x04, 0xBB, 0x03, 0xBF, 0x02, 0xC1, 0x01,
    0xC1, 0x00, 0xC0, 0xFF, 0xC0, 0xFE, 0xC1, 0xFD, 0xC4, 0xFC, 0xCA, 0xFB,
    0xD5, 0xFA, 0xE5, 0xF9, 0xFA, 0xF8, 0x18, 0xF8, 0x3C, 0xF7, 0x6A, 0xF6,
    0xA1, 0xF5, 0xE4, 0xF4, 0x31, 0xF4, 0x8A, 0xF3, 0xEF, 0xF2, 0x62, 0xF2,
    0xE2, 0xF1, 0x70, 0xF1, 0x0D, 0xF1, 0xBA, 0xF0, 0x75, 0xF0, 0x40, 0xF0,
    0x1B, 0xF0, 0x06, 0xF0, 0x01, 0xF0, 0x0C, 0xF0, 0x27, 0xF0, 0x52, 0xF0,
    0x8D, 0xF0, 0xD8, 0xF0, 0x31, 0xF1, 0x9A, 0xF1, 0x11, 0xF2, 0x96, 0xF2,
    0x29, 0xF3, 0xC8, 0xF3, 0x74, 0xF4, 0x2B, 0xF5, 0xEE, 0xF5, 0xBA, 0xF6,
    0x90, 0xF7, 0x6E, 0xF8, 0x53, 0xF9, 0x40, 0xFA, 0x32, 0xFB, 0x29, 0xFC,
    0x24, 0xFD, 0x22, 0xFE, 0x22, 0xFF, 0x23, 0x00, 0x23, 0x01, 0x22, 0x02,
    0x20, 0x03, 0x1A, 0x04, 0x10, 0x05, 0x01, 0x06, 0xEB, 0x06, 0xCF, 0x07,
    0xAB, 0x08, 0x7E, 0x09, 0x48, 0x0A, 0x07, 0x0B, 0xBC, 0x0B, 0x64, 0x0C,
    0x00, 0x0D, 0x8F, 0x0D, 0x10, 0x0E, 0x84, 0x0E, 0xE8, 0x0E, 0x3E, 0x0F,
    0x84, 0x0F, 0xBB, 0x0F, 0xE1, 0x0F, 0xF8, 0x0F, 0xFF, 0x0F, 0xF6, 0x0F,
    0xDC, 0x0F, 0xB3, 0x0F, 0x7A, 0x0F, 0x31, 0x0F, 0xD9, 0x0E, 0x73, 0x0E,
    0xFD, 0x0D, 0x7A, 0x0D, 0xE9, 0x0C, 0x4B, 0x0C, 0xA0, 0x0B, 0xEA, 0x0A,
    0x29, 0x0A, 0x5E, 0x09, 0x8A, 0x08, 0xAC, 0x07, 0xC7, 0x06, 0xDB, 0x05,
    0xEA, 0x04, 0xF3, 0x03, 0xF8, 0x02, 0xFB, 0x01, 0xFB, 0x00, 0xFB, 0xFF,
    0xFA, 0xFE, 0xFA, 0xFD, 0xFD, 0xFC, 0x02, 0xFC, 0x0C, 0xFB, 0x1A, 0xFA,
    0x30, 0xF9, 0x4B, 0xF8, 0x6E, 0xF7, 0x9A, 0xF6, 0xCF, 0xF5, 0x0E, 0xF5,
    0x58, 0xF4, 0xAE, 0xF3, 0x11, 0xF3, 0x80, 0xF2, 0xFE, 0xF1, 0x89, 0xF1,
    0x22, 0xF1, 0xCB, 0xF0, 0x83, 0xF0, 0x4B, 0xF0, 0x22, 0xF0, 0x0A, 0xF0,
    0x01, 0xF0, 0x08, 0xF0, 0x20, 0xF0, 0x47, 0xF0, 0x7F, 0xF0, 0xC6, 0xF0,
    0x1C, 0xF1, 0x81, 0xF1, 0xF5, 0xF1, 0x77, 0xF2, 0x06, 0xF3, 0xA3, 0xF3,
    0x4C, 0xF4, 0x01, 0xF5, 0xC0, 0xF5, 0x8A, 0xF6, 0x5E, 0xF7, 0x3A, 0xF8,
    0x1F, 0xF9, 0x0A, 0xFA, 0xFB, 0xFA, 0xF1, 0xFB, 0xEB, 0xFC, 0xE8, 0xFD,
    0xE8, 0xFE, 0xE8, 0xFF, 0xE9, 0x00, 0xE9, 0x01, 0xE6, 0x02, 0xE1, 0x03,
    0xD8, 0x04, 0xCA, 0x05, 0xB6, 0x06, 0x9C, 0x07, 0x7A, 0x08, 0x4F, 0x09,
    0x1B, 0x0A, 0xDD, 0x0A, 0x94, 0x0B, 0x3F, 0x0C, 0xDE, 0x0C, 0x70, 0x0D,
    0xF4, 0x0D, 0x6B, 0x0E, 0xD3, 0x0E, 0x2B, 0x0F, 0x75, 0x0F, 0xB0, 0x0F,
    0xDA, 0x0F, 0xF4, 0x0F, 0xFF, 0x0F, 0xF9, 0x0F, 0xE4, 0x0F, 0xBE, 0x0F,
    0x88, 0x0F, 0x43, 0x0F, 0xEF, 0x0E, 0x8B, 0x0E, 0x19, 0x0E, 0x99, 0x0D,
    0x0B, 0x0D, 0x70, 0x0C, 0xC8, 0x0B, 0x15, 0x0B, 0x56, 0x0A, 0x8D, 0x09,
    0xBA, 0x08, 0xDF, 0x07, 0xFC, 0x06, 0x11, 0x06, 0x21, 0x05, 0x2B, 0x04,
    0x31, 0x03, 0x34, 0x02, 0x35, 0x01, 0x35, 0x00, 0x34, 0xFF, 0x35, 0xFE,
    0x37, 0xFD, 0x3B, 0xFC, 0x44, 0xFB, 0x51, 0xFA, 0x64, 0xF9, 0x7E, 0xF8,
    0x9F, 0xF7, 0xC9, 0xF6, 0xFC, 0xF5, 0x39, 0xF5, 0x80, 0xF4, 0xD4, 0xF3,
    0x33, 0xF3, 0xA0, 0xF2, 0x1A, 0xF2, 0xA2, 0xF1, 0x39, 0xF1, 0xDE, 0xF0,
    0x92, 0xF0, 0x56, 0xF0, 0x2A, 0xF0, 0x0E, 0xF0, 0x01, 0xF0, 0x05, 0xF0,
    0x19, 0xF0, 0x3D, 0xF0, 0x71, 0xF0, 0xB4, 0xF0, 0x07, 0xF1, 0x69, 0xF1,
    0xD9, 0xF1, 0x58, 0xF2, 0xE4, 0xF2, 0x7E, 0xF3, 0x24, 0xF4, 0xD6, 0xF4,
    0x94, 0xF5, 0x5C, 0xF6, 0x2D, 0xF7, 0x08, 0xF8, 0xEA, 0xF8, 0xD4, 0xF9,
    0xC4, 0xFA, 0xB9, 0xFB, 0xB2, 0xFC, 0xAF, 0xFD, 0xAE, 0xFE, 0xAE, 0xFF,
    0xAE, 0x00, 0xAE, 0x01, 0xAD, 0x02, 0xA8, 0x03, 0xA0, 0x04, 0x94, 0x05,
    0x81, 0x06, 0x68, 0x07, 0x48, 0x08, 0x1F, 0x09, 0xEE, 0x09, 0xB2, 0x0A,
    0x6B, 0x0B, 0x19, 0x0C, 0xBB, 0x0C, 0x50, 0x0D, 0xD7, 0x0D, 0x51, 0x0E,
    0xBC, 0x0E, 0x19, 0x0F, 0x66, 0x0F, 0xA4, 0x0F, 0xD2, 0x0F, 0xF0, 0x0F,
    0xFE, 0x0F, 0xFC, 0x0F, 0xEA, 0x0F, 0xC8, 0x0F, 0x96, 0x0F, 0x54, 0x0F,
    0x03, 0x0F, 0xA3, 0x0E, 0x34, 0x0E, 0xB7, 0x0D, 0x2C, 0x0D, 0x94, 0x0C,
    0xEF, 0x0B, 0x3E, 0x0B, 0x82, 0x0A, 0xBB, 0x09, 0xEB, 0x08, 0x11, 0x08,
    0x30, 0x07, 0x47, 0x06, 0x58, 0x05, 0x63, 0x04, 0x6B, 0x03, 0x6F, 0x02,
    0x70, 0x01, 0x70, 0x00, 0x6F, 0xFF, 0x6F, 0xFE, 0x70, 0xFD, 0x74, 0xFC,
    0x7C, 0xFB, 0x88, 0xFA, 0x99, 0xF9, 0xB1, 0xF8, 0xD1, 0xF7, 0xF9, 0xF6,
    0x29, 0xF6, 0x64, 0xF5, 0xAA, 0xF4, 0xFA, 0xF3, 0x57, 0xF3, 0xC1, 0xF2,
    0x37, 0xF2, 0xBC, 0xF1, 0x4F, 0xF1, 0xF1, 0xF0, 0xA2, 0xF0, 0x62, 0xF0,
    0x33, 0xF0, 0x13, 0xF0, 0x03, 0xF0, 0x03, 0xF0, 0x13, 0xF0, 0x34, 0xF0,
    0x64, 0xF0, 0xA3, 0xF0, 0xF3, 0xF0, 0x51, 0xF1, 0xBE, 0xF1, 0x3A, 0xF2,
    0xC3, 0xF2, 0x5A, 0xF3, 0xFD, 0xF3, 0xAD, 0xF4, 0x68, 0xF5, 0x2E, 0xF6,
    0xFD, 0xF6, 0xD6, 0xF7, 0xB6, 0xF8, 0x9E, 0xF9, 0x8C, 0xFA, 0x80, 0xFB,
    0x79, 0xFC, 0x75, 0xFD, 0x73, 0xFE, 0x73, 0xFF, 0x74, 0x00, 0x74, 0x01,
    0x73, 0x02, 0x70, 0x03, 0x69, 0x04, 0x5D, 0x05, 0x4C, 0x06, 0x35, 0x07,
    0x16, 0x08, 0xEF, 0x08, 0xBF, 0x09, 0x86, 0x0A, 0x42, 0x0B, 0xF2, 0x0B,
    0x97, 0x0C, 0x2F, 0x0D, 0xBA, 0x0D, 0x37, 0x0E, 0xA5, 0x0E, 0x05, 0x0F,
    0x56, 0x0F, 0x97, 0x0F, 0xC9, 0x0F, 0xEA, 0x0F, 0xFC, 0x0F, 0xFE, 0x0F,
    0xEF, 0x0F, 0xD1, 0x0F, 0xA3, 0x0F, 0x65, 0x0F, 0x17, 0x0F, 0xBA, 0x0E,
    0x4F, 0x0E, 0xD5, 0x0D, 0x4D, 0x0D, 0xB8, 0x0C, 0x16, 0x0C, 0x68, 0x0B,
    0xAE, 0x0A, 0xE9, 0x09, 0x1B, 0x09, 0x44, 0x08, 0x64, 0x07, 0x7D, 0x06,
    0x8F, 0x05, 0x9C, 0x04, 0xA4, 0x03, 0xA8, 0x02, 0xAA, 0x01, 0xAA, 0x00,
    0xA9, 0xFF, 0xA8, 0xFE, 0xA9, 0xFD, 0xAD, 0xFC, 0xB3, 0xFB, 0xBF, 0xFA,
    0xCF, 0xF9, 0xE6, 0xF8, 0x04, 0xF8, 0x29, 0xF7, 0x58, 0xF6, 0x90, 0xF5,
    0xD3, 0xF4, 0x21, 0xF4, 0x7B, 0xF3, 0xE1, 0xF2, 0x55, 0xF2, 0xD7, 0xF1,
    0x67, 0xF1, 0x05, 0xF1, 0xB3, 0xF0, 0x70, 0xF0, 0x3C, 0xF0, 0x19, 0xF0,
    0x05, 0xF0, 0x02, 0xF0, 0x0E, 0xF0, 0x2B, 0xF0, 0x57, 0xF0, 0x94, 0xF0,
    0xDF, 0xF0, 0x3A, 0xF1, 0xA4, 0xF1, 0x1D, 0xF2, 0xA3, 0xF2, 0x37, 0xF3,
    0xD7, 0xF3, 0x84, 0xF4, 0x3D, 0xF5, 0xFF, 0xF5, 0xCD, 0xF6, 0xA3, 0xF7,
    0x82, 0xF8, 0x69, 0xF9, 0x56, 0xFA, 0x48, 0xFB, 0x40, 0xFC, 0x3B, 0xFD,
    0x39, 0xFE, 0x39, 0xFF, 0x3A, 0x00, 0x3B, 0x01, 0x3A, 0x02, 0x37, 0x03,
    0x31, 0x04, 0x25, 0x05, 0x16, 0x06, 0x00, 0x07, 0xE3, 0x07, 0xBE, 0x08,
    0x91, 0x09, 0x5A, 0x0A, 0x18, 0x0B, 0xCB, 0x0B, 0x73, 0x0C, 0x0E, 0x0D,
    0x9C, 0x0D, 0x1C, 0x0E, 0x8D, 0x0E, 0xF1, 0x0E, 0x45, 0x0F, 0x8A, 0x0F,
    0xBF, 0x0F, 0xE4, 0x0F, 0xFA, 0x0F, 0xFF, 0x0F, 0xF4, 0x0F, 0xD9, 0x0F,
    0xAF, 0x0F, 0x74, 0x0F, 0x2A, 0x0F, 0xD1, 0x0E, 0x68, 0x0E, 0xF2, 0x0D,
    0x6D, 0x0D, 0xDB, 0x0C, 0x3B, 0x0C, 0x91, 0x0B, 0xD9, 0x0A, 0x17, 0x0A,
    0x4B, 0x09, 0x76, 0x08, 0x97, 0x07, 0xB2, 0x06, 0xC5, 0x05, 0xD3, 0x04,
    0xDC, 0x03, 0xE1, 0x02, 0xE3, 0x01, 0xE4, 0x00, 0xE3, 0xFF, 0xE2, 0xFE,
    0xE4, 0xFD, 0xE7, 0xFC, 0xEC, 0xFB, 0xF6, 0xFA, 0x05, 0xFA, 0x1A, 0xF9,
    0x36, 0xF8, 0x5A, 0xF7, 0x87, 0xF6, 0xBD, 0xF5, 0xFD, 0xF4, 0x48, 0xF4,
    0x9F, 0xF3, 0x03, 0xF3, 0x74, 0xF2, 0xF2, 0xF1, 0x7F, 0xF1, 0x1A, 0xF1,
    0xC4, 0xF0, 0x7E, 0xF0, 0x47, 0xF0, 0x1F, 0xF0, 0x08, 0xF0, 0x01, 0xF0,
    0x0A, 0xF0, 0x23, 0xF0, 0x4C, 0xF0, 0x85, 0xF0, 0xCD, 0xF0, 0x24, 0xF1,
    0x8B, 0xF1, 0x00, 0xF2, 0x83, 0xF2, 0x14, 0xF3, 0xB1, 0xF3, 0x5C, 0xF4,
    0x11, 0xF5, 0xD2, 0xF5, 0x9D, 0xF6, 0x72, 0xF7, 0x4F, 0xF8, 0x34, 0xF9,
    0x20, 0xFA, 0x11, 0xFB, 0x08, 0xFC, 0x02, 0xFD, 0x00, 0xFE, 0xFF, 0xFE,
};
const unsigned int sample_beep_wav_len = 22128U;
